カード名,実装日,アイドルセリフ,ホーム1,ホーム2,ホーム3,ホーム4,ホーム5,ホーム6,ホーム7,ホーム8,ホーム9,ホーム10,ホーム11,ホーム12,LIVE開始,LIVE特技1,LIVE特技2,LIVE特技3,LIVEクリア1,LIVEクリア2,ルーム1,ルーム2,ルーム3,ルーム4,ルーム5,ルーム6,ルーム7,ルーム8,ルーム9,ルーム10,ルーム11,ルーム12,親愛度半分,親愛度MAX,特訓コミュ,カード性能_レアリティ,カード性能_最大Lv,カード性能_属性,カード性能_最大Life,カード性能_初期Life,カード性能_最大Vocal,カード性能_初期Vocal,カード性能_最大Dance,カード性能_初期Dance,カード性能_最大Visual,カード性能_初期Visual,カード性能_センタースキル名,カード性能_センタースキル効果,カード性能_特技名,カード性能_特技スキル名,カード性能_特技スキル効果,関連ページ1,関連ページ2,関連ページ3,関連ページ4,関連ページ5,関連ページ6,関連ページ7,関連ページ8,関連ページ9,関連ページ10,関連ページ11,関連ページ12,関連ページ13,関連ページ14,関連ページ15,関連ページ16,関連ページ17,関連ページ18,関連ページ19,関連ページ20
佐藤心,2016.08.10,はぁ～い♪アナタのはぁとをシュガシュガスウィート☆さとうしんことしゅがーはぁとだよぉ☆…って自己紹介して、ファンに向かってスウィーティー☆で、トドメってわけ。カンペキィ,はぁとをかわいくプロデュースするのが仕事でしょ？マジで頼んだぞ☆,しゅがーはぁとだよぉ☆佐藤＝シュガー、心＝はぁと…オーケー？,え、プロフィールって数字も書かなきゃダメ？それマジキツい☆,やーん、歳は聞いちゃらめらめなのー！水飴入り練乳飲むぅ？,シュガシュガ超特急☆バビューンっとトップ、目指しちゃおっ☆,プロデューサー♪はぁとの人生計画も、まとめてプロデュースよろしく☆,この服、はぁとの手作りなんだぁ☆カワイイでしょ？…やべ、ほつれてる,肩出てるって？出してんだっつーの☆見ろよ☆そして、よろこべよ☆,カワイイ服作るのも着るのも好き♪これも自作ぅ…貧乏とはち・が・う☆,しゅがーはぁとは、みんなのエンジェルなんだよぉ☆…設定盛りすぎ？,プロデューサーも一緒にやろ☆せーのっ、スウィーティー☆うふん♪,手先はね、器用なんだぁ☆お裁縫も得意♪家庭的でしょ？ホレていいよ☆,シュガシュガハートを、皆にお届け…♪,ん～～♪スウィーティー☆,シュガシュガビームっ☆,はぁとのハート、受け取って☆,シュガシュガスウィートなLIVE、大成功～☆,お疲れっした～、んんっ、じゃなくて、おっつスウィーティー☆,せーのっ！スウィーティー☆,どっこいせー…あ？事務所内くらい良いだろー☆,ここか…本物のアイドル事務所…ここか…,しゅがーはぁとって呼んでいいよ☆呼びにくい？佐藤さんよりマシ☆,はぁとのプロデューサーなら、一緒にスウィーティーしてくれるよねっ☆,はぁとがお留守番してあげたぞ♪守護天使しゅがーはぁと参上☆,あーそこそこ…もっと強めに押して一…,はっ！もしかして、しゅがーはぁとの出番かなっ☆,うおっ！…あ、リアクション失敗失敗☆リテイクお願いしまーす☆,ぴこぴこ～♪天使の羽、カワイイでしょ☆あ、あんまり触るともげる☆,おさわりはNGだぞ☆…カタい？むしろプニプニだよぉ♪っておい☆,プロデューサーにもお返しのマッサージしちゃう？キッツいヤツ☆,はぁとの全力はこんなもんじゃないぞーっ☆まだまだ行くよっ！せぇーのっ、スウィーティー♪,"はぁーい、プロデューサー！スウィーティー♪あれぇ？声が聞こえないぞ～？もっかいいくよーっ☆はぁとと一緒に、せぇーのっ、スウィーティー♪
おい☆言えよこら☆……んもぉー、プロデューサーったらしっかりしてぇ！頼りなのは、プロデューサーだけなんだぞ☆
はぁとは、アイドルとしては1年生だから、これから、たぁっくさんプロデュースしてほしいな☆……トップまで頼むわ☆歳が歳なんで☆","はぁ～い、プロデューサー！はぁとは今日もカワイくスウィーティー♪と・こ・ろ・で、しゅがーはぁととコミュニケーションとろっか☆
ねぇねぇ、今日は大切なお話があってぇ……そろそろはぁともアレしたいなぁ☆何って？言わせんな☆察しろよぉ☆
……結婚じゃねーし！イナカのママみたいなこと言うなっつーの☆
デビュー☆だよっ、デビュー☆ほら、はぁとってアイドルとしては新米だけど、年齢的には崖っぷちじゃん？言わせんな☆
はぁと、絶対頑張るからっ☆だからお願いっ、デビューさせてっ！させろよ☆っていうか、もうデビュー決定！決定でいいよね？ね？
いい……？フ……フフ……ぃいやったぁーっ☆デビュー♪デビュー♪アイドルデビュー♪返品は、ぜーったい受け付けないぞ☆
わお☆自作の衣装もいいけど、本物のアイドル衣装は最高にスウィーティー♪よ～し、目指せトップアイドル☆特急便でヨロシクぅ♪",R,40,パッション,27,25,2553,1434,2112,1186,3903,2193,パッションメイク,パッションアイドルのビジュアルアピール値30%アップ,物理的はぁとアタック,PERFECTサポート,11秒毎、低確率でしばらくの間、GREATをPERFECTにする,佐藤心（モバマス）,佐藤心+,メモリアルコミュ,【公式】シンデレラライブラリー,,,,,,,,,,,,,,,,
佐藤心+,2016.08.10,みんなー！お待たせぇ☆スウィーティーなシュガシュガアイドル、しゅがーはぁとの登場だよ♪みんなに幸せのハートをプレゼントしちゃう☆そぉーれっ☆ってほらそこ避けんなぁ～♪,はぁとはとってもスウィーティー♪意味？考えるなって☆感じろ☆,キツいとか、安易に言っちゃいけないんだぞ☆はぁととの約束☆,はぁとのハート、みんなに届けー♪物理的にっ☆,どう見られるかなんて気にしなーい☆ むしろ、見られたもん勝ち☆,プロデューサー、はぁとのハート…ア ナタは避けないよねぇ☆いくよー?,ラヴリィハァトあた一っくっ☆ずっしり重いから気をつけろよー☆,ハートーつ一つに、はぁとの愛が詰ま ってるんだぞ☆ちぎって投げるー♪,見て見て！どぉ？はぁとの悩殺ナイスバディ☆,ちゃんと体型仕上げてきたぞぉ☆本気 出せばヘソ出しだってOK♪,シュガ・シュガ・リン♪…ちょっと違うな…ってネタ出し見んな☆,しゅがーはぁとはアイアンハート☆… 聞違ってはないけど可愛くないわな,プロデューサー！はぁとのコト見すぎ だぞ☆でも…いいんだぞ☆,シュガシュガハートを、皆にお届け…♪,ん～～♪スウィーティー☆,シュガシュガビームっ☆,はぁとのハート、受け取って☆,シュガシュガスウィートなLIVE、大成功～☆,お疲れっした～、んんっ、じゃなくて、おっつスウィーティー☆,お部屋をはぁと色に染め上げちゃうぞ ☆んー…畳がほしい☆,スウィーティー♪リピートアフターミ ー♪スウィーティー♪,よっこらしょー…さっ、今日も元気に 頑張るぞぉー☆,心ちゃん♪よりも、はぁとちゃん♪っ て呼んでほしいなー☆,シュガシュガ☆ハートビーム☆効いた？効いた？…効いたろ今のは☆,もう後には引けないぞーっ！いろ～んな意味で☆,お・へ・そ♪セクシーだろぉー☆うふ〜ん♪って引くなよ☆,きゃーんっ☆ビックリしたぁっ☆もぉっ、はぁとぷんぷんだぞぉー？,あ゛っ…いや、古傷が…なんて言うと思ったかコラ☆,わかるわかる☆はぁと存在感あるよねー☆いろんな意味でねー☆,キュルルーン☆シュガシュガパワー充電完了っ☆行くぞー！,ちょっと寒いなー☆暖めてー☆ってか、暖めろって☆,プロデューサー！いつもありがとー☆お礼の…ハートアタックっ☆オラオラ☆避けんな避けんなーっ♪,"プロデューサー！いつもはぁとがハート投げてばっかじゃない？たまには投げ返して☆おら、投げろよ☆
これからも、二人でハートのドッジボール…じゃなかった、キャッチボールしていこうね♪もちろん、途中でやめられないから☆
さっ、それじゃあはぁとのハート……しっかり受け止めてね♪物理的に☆……重いぞ☆超重いぞ☆いくぞ☆えーい！","はぁ～い、プロデューサー！はぁとは今日もカワイくスウィーティー♪と・こ・ろ・で、しゅがーはぁととコミュニケーションとろっか☆
ねぇねぇ、今日は大切なお話があってぇ……そろそろはぁともアレしたいなぁ☆何って？言わせんな☆察しろよぉ☆
……結婚じゃねーし！イナカのママみたいなこと言うなっつーの☆
デビュー☆だよっ、デビュー☆ほら、はぁとってアイドルとしては新米だけど、年齢的には崖っぷちじゃん？言わせんな☆
はぁと、絶対頑張るからっ☆だからお願いっ、デビューさせてっ！させろよ☆っていうか、もうデビュー決定！決定でいいよね？ね？
いい……？フ……フフ……ぃいやったぁーっ☆デビュー♪デビュー♪アイドルデビュー♪返品は、ぜーったい受け付けないぞ☆
わお☆自作の衣装もいいけど、本物のアイドル衣装は最高にスウィーティー♪よ～し、目指せトップアイドル☆特急便でヨロシクぅ♪",R+,50,パッション,29,27,3174,1800,2626,1489,4852,2751,パッションメイク,パッションアイドルのビジュアルアピール値30%アップ,物理的はぁとアタック,PERFECTサポート,11秒毎、低確率でしばらくの間、GREATをPERFECTにする,佐藤心+（モバマス）,佐藤心,【公式】シンデレラライブラリー,,,,,,,,,,,,,,,,,
[ハート・モデル]佐藤心,2016.10.12,はぁとのファッションショーデビュー記念に…じゃじゃーん☆オシャカワなお洋服作ってきちゃったぁ♪ねぇねぇ、これ着てランウェイ、キメてきていーい？いいだろ☆,好きなこと何でもできちゃう☆アイドルってステキなお・仕・事♪,みんなの分も作ってきちゃった☆お揃いって最高っしょ☆,しゅがはダッシュ！ばーんっ☆…あっ、さーせん。廊下は歩きます,トレーナーさんにもほめられちゃった♪根性は認めるって☆,プロデューサーの分も作ってあるんだぞ☆ももちろん同じデザインで♪,カワイイだけじゃないぞ☆見てろよ秘めたパワー！腕力じゃなーい☆,顔赤い？それは今のはぁとがお仕事に燃えてるから！真っピンクに☆,どっちが好き？右？左？真ん中？真ん中？真ん中！やーん照れるぅ☆,今日の服もアレンジしたヤツ☆切って～縫って～トドメのエンジェル♪,これがダメでも、まだお家にいっぱいあるから！明日持って来るぞ！,最高にスウィーティーなショーにしようね☆プロデューサー！,星もハートもいーっぱい！可愛くなるなら何でもいれてこ！,はぁとのシュガシュガスウィートショー…開幕ぅ～☆,ぶぶっぴどぅ～☆,あっは～ん,スウィーティーポーズ☆,しゅがーはぁとにぃ、みんなメロメロ♪でしょ☆でっしょ～☆,みんな～？そろそろ覚えた～？せーの、スウィーティー☆ん～、ナイス☆,帰りに生地見てこっかな〜☆,よっこいしょー☆やばっ…はぁと、舞台裏でもアイドルっぽくだぞ,はぁとはいつだって勝負服なの☆っていうか私服だし☆,若さとか関係ないよね♪大事なのはスウィーティーなはぁと☆,お洋服作るの好きぃ！着るのも好きぃ！でも見てもらうのが一番好き☆,ボタンとれかけてるよ。はぁとがつけてあげる〜ついでに天使の羽も！,今日のご飯は冷蔵庫の残りで…じゃないっ、カラフルな綿あめだよぉ☆,どこ行くの？衣装合わせならここでだっていいんだよ☆教育に悪い？,あっ、背筋曲がってた？やべやべ☆定規でもいれちゃうー？,部屋の中でもモデルウォーク☆…んがっ！誰だよここにコレ置いたの,ふふん♪ショー前だからコンディションバッチシだよぉ☆でもまだまだぁ,新しいはぁとも見せたいな〜♪プロデューサーはどんなのが見たい？,ショーの本番まで、まだまだあるよね！お洋服もはぁと自身も、パーフェクトな状態でランウェイ練り歩きたぁい☆一生モンだから☆,"ファッションショーのお仕事持ってきてくれるなんて、プロデューサーってば、有能☆そんなアナタにはもう一着プレゼント〜☆
……え、はぁとのための衣装、作ってくれる？うっそマジで？見たい見たい！早く見たーい☆この衣装は……いったんしまっとこ！
楽しみだなぁ〜☆はぁとのためだけの衣装♪プロデューサーがつくってくれるお洋服♪あ、でも、はぁと手作りお洋服ショーの夢、諦めてないからねっ！","プロデューサー！今日も持ってきたぞ☆はぁとの衣装の参考資料☆ゲキカワで〜メチャシュガな〜そんな衣装☆いいっしょ♪あ？いい衣装？あ？
って、ガンガンアピールしてたわけだけど……。はぁとってさ、そもそもがカワイイじゃん☆カワイイよな？カワイイって言えよ〜☆
でもさ、せっかくのファッションショーだから、カワイイ路線だけじゃなくって、もっとおニューなはぁとも見せたいなって思っちゃった☆
だーかーらー☆カワイイくて、スウィーティーで……。そして、ちょっぴりセクスィーなはぁとにチャレンジしちゃおっかなぁって☆
ねぇ……プロデューサーは見たくなぁい？見たいよね？っていうか見てから決・め・よ☆ってことで、シュガシュガパワー☆はぁと大変身〜♪
ぷぷっぴどう〜♪はぁとにちゅうもーく♪思いっきりセクスィーな、ぼん・きゅっ・ぼんのしゅがあまボディ☆カワイイすぎて声も出ない？ん〜？何とか言えよ〜☆",SR,60,パッション,37,35,3009,1490,2411,1194,4954,2453,パッションメイク,パッションアイドルのビジュアルアピール値60%アップ,イタズラスウィーティー,COMBOボーナス,9秒毎、高確率で少しの間、COMBOボーナス14%アップ,[ハート・モデル]佐藤心（モバマス）,[ハート・モデル]佐藤心+,EVERLASTING（デレステイベント）,【公式】シンデレラライブラリー,,,,,,,,,,,,,,,,
[ハート・モデル]佐藤心+,2016.10.12,憧れのファッションショーで憧れのポーズ☆時代を感じる？リバイバルだっつーの☆それにしても、こんなに女の子たちが声援くれるなんて！あ、やべ、ちょっとウルっと…,はぁとタイフーン☆あっはぁ〜ん、イタズラな風なんだからぁ☆,ランウェイでも〜スウィーティー☆はい、みんな一緒に〜つ☆,偉い人にもほめられちゃった☆度胸は認めるって☆,ショーが終わったら食べたいもの食べるっ☆肉…お菓子…やっぱ肉！,扇風機をスカートの中に仕込めばいつでも…！重くて歩けない☆,お客さん、今日イチ盛り上がってるぅ☆爆笑も？あれーおっかしーなー☆,若い子たちにも負けないの☆スウィーティー部門ならはぁとがイッチバン☆,お手入れバッチリだから３６０度見ていいんだぞ☆…下からはらめぇ☆,ほらほらぁ♪もっとあおげあおげー☆実は人力マンパワー☆,はぁと、緊張で変になっちゃう☆いつも通り？どういう意味だコラ☆,ついつい触りたくなっちゃう桃色お肌〜♪つる〜んぷるん♪でしょ〜☆,見えそうで 見えない、絶対見せない♪はぁとのスペシャルテクニック☆,はぁとのシュガシュガスウィートショー…開幕ぅ～☆,ぶぶっぴどぅ～☆,あっは～ん,スウィーティーポーズ☆,しゅがーはぁとにぃ、みんなメロメロ♪でしょ☆でっしょ～☆,みんな～？そろそろ覚えた～？せーの、スウィーティー☆ん～、ナイス☆,いや〜ん♪うっふ〜ん♪…あ、練習中っす,シュガシュガ〜スウィーティー☆一日一回はやっとかないとね☆,しゅがー普及計画ぅ！ん〜…とりあえず砂糖まいとく？,自作お洋服にもいつか日の目を…！全部カワイイうちの子だから☆,シュガシュガ☆モデルウォーク♪一歩一歩、ぷりんっぷりんっ♪,みんなにスウィーティーを流行らせよ☆ほら、プロデューサーも♪,今のはぁとに食べ物見せんな♪喰らうぞ☆喰らい尽くすぞ☆,押すなよ？絶対押すなよ？ってそーゆーやつじゃなぁい☆,ああ〜ん☆イタズラな風さんが〜っ☆ねっねっ、もう一回♪,ルームでも、はぁとが視線をヒトリジメ☆見た目がうるさいって？,プロデューサー！はぁとをエスコートしてくださるぅ☆くだされぇ☆,高そうな生地…買うのはムリ…ねぇねぇ〜プロデューサー？経費い？,はぁい♪最高にスウィーティーなしゅがーはぁとだよぉ☆みんなもドンドンマネしてくれていいからね〜♪それはムリ？あはっ☆まー、そーだよねー☆,"プロデューサー！どうだった！？はぁとの初舞台……モデルしゅがーはぁとのデビューは♪すっごく楽しかったなぁ……☆
こんなにキレイにしてもらっただけでも嬉しいのに、女の子たちにいっぱい写真撮ってもらって、いっぱい声かけてくれて……。
はぁと、感激で……ううっ……う〜、お腹がすいたっ！ショーのためにダイエットしたし、肉☆とりあえず焼肉ヨロ〜☆","プロデューサー！今日も持ってきたぞ☆はぁとの衣装の参考資料☆ゲキカワで〜メチャシュガな〜そんな衣装☆いいっしょ♪あ？いい衣装？あ？
って、ガンガンアピールしてたわけだけど……。はぁとってさ、そもそもがカワイイじゃん☆カワイイよな？カワイイって言えよ〜☆
でもさ、せっかくのファッションショーだから、カワイイ路線だけじゃなくって、もっとおニューなはぁとも見せたいなって思っちゃった☆
だーかーらー☆カワイイくて、スウィーティーで……。そして、ちょっぴりセクスィーなはぁとにチャレンジしちゃおっかなぁって☆
ねぇ……プロデューサーは見たくなぁい？見たいよね？っていうか見てから決・め・よ☆ってことで、シュガシュガパワー☆はぁと大変身〜♪
ぷぷっぴどう〜♪はぁとにちゅうもーく♪思いっきりセクスィーな、ぼん・きゅっ・ぼんのしゅがあまボディ☆カワイイすぎて声も出ない？ん〜？何とか言えよ〜☆",SR+,70,パッション,39,37,3673,1921,2943,1539,6046,3162,パッションメイク,パッションアイドルのビジュアルアピール値60%アップ,イタズラスウィーティー,COMBOボーナス,9秒毎、高確率で少しの間、COMBOボーナス14%アップ,[ハート・モデル]佐藤心（モバマス）,[ハート・モデル]佐藤心+,EVERLASTING（デレステイベント）,【公式】シンデレラライブラリー,,,,,,,,,,,,,,,,
[はぁとトゥハート]佐藤心,2016.11.17,ちくりんちくりん…。って、いったーい☆ん？いや〜、LIVE用のリストレット縫ってんのよ♪はぁとの手作り感、出したくて〜。だって、はぁとの晴れ舞台だもん。自分でやりたいじゃん…,ぺろり〜ん、ブラッドもスウィーティー♪さっすがしゅがーはぁと☆,イマドキ裁縫が得意って…。いや〜ん、健気〜☆自分で泣けてくるぅ！,近所のわんこに、服着せてあげたんだー☆よくわかんねーって顔してた！,あざとい？そー言わずに見て。ね？コッチも体張ってんだから♪,プロデューサーの服のほつれも縫っちゃうぞ♪あれ、破けてない。うん、えい☆,お嫁にほしいって…。やぁん、恥ずかすぃ〜♪あ、言ってない？なんで？,リストレットほしい？つけたい？いいぞ☆じゃあ、首に…,痛い痛い☆…押したら、物理的に？存在の痛さは関係ないだろ♪,あ、らめぇ…。刺さる、刺さ…アーッ！はぁとの魅力、刺さった？,マイアレンジのー、ワンピィス☆はい、ご一緒にい、ピィス☆,バンソウコウとか、いいから！あ、やめろ？照れるぅ、照れ…あ…,頭ナデナデして？いたわって？はぁと、図太いからイヤじゃないぞ♪,スウィーティーターイム☆我慢しないで好きになれ～☆,シャバドゥビシャバダバ♪,セクスィーアピール☆,はぁとはぁいいだろ☆,褒めろ☆褒めて☆もうなんかもうとにかく褒めて☆,アンコール☆アンコー…そこぉ、声出して☆,…避けたい！ルーム最年長だけは、どうにか〜,おーい裁縫箱ー！どこぉ？返事しとけー,しゅがーはぁと！またの名を…シュガーハーおーい誰だ佐藤つったの,アイドルみんなに、メイドインはぁとの服、着せるぞ☆拒否すんなよ？,はぁと型クッション、プロデューサーにあ・げ・よ♪この辺に、大量に…,プロデューサーのウ・ワ・サ、知りたいなぁ？弱味は握り合いだろぉ♪,ね、ね、裏口どこ？はぁと、大好き♪,あぁん、スウィーティ〜☆気にすんな、言ってみただけ♪,お、やるかぁ♪やんの？なにを？なんか？パーティーとか？,セクスィー、シンボル☆もう１回言う？いい？あ、聞いて？,プロデューサーに、はぁとの年齢、２３歳あ・げ・る☆,これが…プロデューサーあたっく…。やん、ばかぁん、ぼかぁん♪,いって！衣装に針ついたままだったぁ☆ってパフォーマンス、やってみた。うん、スべった……。つぎ行って、さっさと忘れよ。過去は、忘れよ？,"よおし、できたぁ！あ、なにって？リストレットよ、リストレット♪１曲終わるたびに、ちくりんちくりん縫ってたんだ☆
プロデューサーが頑張ってくれるから、はい、お返し♪ちゃんと、はぁとのとお揃いだぞ。つけて！なう！今すぐ！フリフリ！
ちゃんと、刺繍でネームも入ってるでしょ。プロデューサー☆って。あ、はぁと＆プロデューサーの方がよかった？てへっ♪","てへへ〜☆ケガしちったし、今日はこの辺で許しといてやるか♪そろそろお仕事行かなきゃだしね。出血大サービスは、そっちでしろって話。うまぁい☆
うわ〜、もうこんなに列できてる！急げ並べ急げ並べ☆……開場待ちの間、なんではぁとが、こんなしゃべり方になったのか、聞いとく？聞いて。
はぁとはさ。小さいころからアイドルになりたかったわけ。キャラ作りしてしゃべってさぁ、両親も笑って、おもしろいって喜んでてさぁ。ほら、アレよ。
ローニン主義！違う☆放任主義！そういうの、直されなかったし。どこにでもいるいい子よりオンリーワンな子がいいって思ったんだろうね♪
だ・か・ら、これは愛のシルシなんだぞ☆オトナになってからはまわりドン引きだけど、こうして拾ってくれた人もいるし♪……これ、泣くとこたぞ。
それに、自分の衣装も自分の小物で飾らせてもらえてさ。はぁと、嬉しいわけ。言葉も、服も、ステージも、全部全部、はぁとおんりーって感じじゃん？だ・か・ら……。
はぁ〜い、みんな☆今日は、すっごいぞぉ〜！エンジェルから真のアイドルになったはぁとを見てって！一生忘れない記憶、刻んでやるから〜☆",SSR,80,パッション,42,40,3208,1466,3869,1768,5876,2686,パッションメイク,パッションアイドルのビジュアルアピール値90%アップ,スウィーティーアレンジ,SCOREボーナス,13秒毎、高確率でかなりの間、PERFECT/GREATのスコア17%アップ,[はぁとトゥハート]佐藤心+,,,,,,,,,,,,,,,,,,,
[はぁとトゥハート]佐藤心+,2016.11.17,とんでけとんでけー、スウィーティーマジック☆魔法少女にはなれなくても、はぁとには歌がある！これでファンの心をフルボッコ♪いくぞ、いっとくぞ、ざんねんのその先へー☆,スウィーティーポーズ！せーのぉ、Ｓ・Ｗ・Ｅ・Ｅ・Ｅ…。いつ終わるんだよ☆,会場の佐藤さぁん！はぁとは違うから〜。シュガーで、ごめんねぇ♪,らんらんらーん♪ｓａｙ！るんるんる〜ん♪って、前と違ってＯＫ〜♪,呼んだ！？呼ばれた！？呼ばれてなくても、一方的に飛び出るぞぉ☆,プロデューサー、はぁと、やるよ！もう後がないし、もっと前に☆,はぁ〜い、プロデューサー♪聞こえないフリすんな〜。同類同類☆,愛をちょーだい！わわわっ、クッションじゃなーい。大相撲かよぉ！,こ、これは…高画質カメラぁ！？肌に寄るなよ、こんにゃろめ♪,今年の流行語は〜？セーの、スウィーティー！頼むぞ、組織票〜☆,ドレス、キャワワでしょ？シュガーへーソも、セクスィにお披露目ー♪,プロデューサーが見てる…。マジで？あ…体力、ほんのちょい復活☆,プロデューサー、アリかナシかで言えばー？アリー！わーお☆,スウィーティーターイム☆我慢しないで好きになれ～☆,シャバドゥビシャバダバ♪,セクスィーアピール☆,はぁとはぁいいだろ☆,褒めろ☆褒めて☆もうなんかもうとにかく褒めて☆,アンコール☆アンコー…そこぉ、声出して☆,うっふんアタック、くらえくらえー☆,ね、どれ？どれ投げていい？やさしくやるから♪,ヒップの角度はー…こう？まだまだ垂れてないし？むしろ上がってるし？,ピッチピチのスウィーティードールだぞ♪どこに立っとく？,どっかに寝そべって、足上げてー！あ、プロデューサー、逃げてった〜？,はぁとのぶっとびに耐えられるＰは、プロデューサーだけだから☆,目のやり場〜？そんなの決まって…。壁とか見んなー,色のドギツーいところに連れてって〜☆そうすればー、目立たないからー？,お、はぁとを狙い撃ち〜？逆に痛い目に合わせるぞ、精神的に☆,そうそう、ソイツが一番スウィーティー…。って、ライバルいないしい,いやぁん、プロデューサー…。つんつん、ぺちぺち、お尻どーん♪,食わず嫌いはよくないな〜、プロデューサー？食べとけ、で、耐えろ☆,ほらほら、だんだんクセになってきただろぉ？プロデューサーの顔も、スウィーティーに☆もう１ステージ、つきあっとけ〜。つきあって〜♪,"はぁとビィイイム、発射完了！お疲れっしたー☆このグイグイ来る押しの強さ、いいだろ？たまんないだろぉ♪
プロデューサーもファンもわかってくれるから、容赦なくブチこめるの☆でもぉ、耐えられない人はぁ……。
はぁとが、やさしくしてあげるの。……はぁとが、そばにいるよ。ずっと。ってギャップで、もう皆ファンになるって寸法よぉ〜☆","てへへ〜☆ケガしちったし、今日はこの辺で許しといてやるか♪そろそろお仕事行かなきゃだしね。出血大サービスは、そっちでしろって話。うまぁい☆
うわ〜、もうこんなに列できてる！急げ並べ急げ並べ☆……開場待ちの間、なんではぁとが、こんなしゃべり方になったのか、聞いとく？聞いて。
はぁとはさ。小さいころからアイドルになりたかったわけ。キャラ作りしてしゃべってさぁ、両親も笑って、おもしろいって喜んでてさぁ。ほら、アレよ。
ローニン主義！違う☆放任主義！そういうの、直されなかったし。どこにでもいるいい子よりオンリーワンな子がいいって思ったんだろうね♪
だ・か・ら、これは愛のシルシなんだぞ☆オトナになってからはまわりドン引きだけど、こうして拾ってくれた人もいるし♪……これ、泣くとこたぞ。
それに、自分の衣装も自分の小物で飾らせてもらえてさ。はぁと、嬉しいわけ。言葉も、服も、ステージも、全部全部、はぁとおんりーって感じじゃん？だ・か・ら……。
はぁ〜い、みんな☆今日は、すっごいぞぉ〜！エンジェルから真のアイドルになったはぁとを見てって！一生忘れない記憶、刻んでやるから〜☆",SSR+,90,パッション,44,42,3868,1925,4665,2322,7084,3526,パッションメイク,パッションアイドルのビジュアルアピール値90%アップ,スウィーティーアレンジ,SCOREボーナス,13秒毎、高確率でかなりの間、PERFECT/GREATのスコア17%アップ,[はぁとトゥハート]佐藤心,,,,,,,,,,,,,,,,,,,
[はぁとの嫁入り]佐藤心,2017.05.31,お世話になりました。そしてこれからも、末永くよろしくお願いします。…どう、どうだった？結納ってシチュだから、それっぽくしてみたの☆ドキッとした？ここはしたって言うとこ♪,和室にいると、なんか落ち着くわぁ…畳は日本人の心ってね♪,和服を着ると、しゃんとなるの♪ほら、背筋ピンッとしてるでしょ☆,おしとやかなはぁともいいだろ☆キャラがぶれるとか言うな♪,はぁとの告白、聞いて？あのね………………帯がめっちゃキツい☆,結納の練習相手になって、プロデューサー♪ほらぁ、ここに座ってぇ☆,プロデューサーが憧れる結婚生活、教えて☆参考にすんの♪,足、触っちゃ、ダメ…あ゛あ゛〜、触っちゃダメって言ったのに〜！,帯を引っ張って、あ〜れ〜ってやつ？やるなら、責任は取れよ☆,膝枕くらいしてあげてもいいけど、それなりの覚悟…あるんだよな？な？,はぁとウインク、今なら独り占めだぞ♪こら、よそ見すんな☆,プロデューサーも撮るなら、すうぃーてぃーにはぁとを撮ってね♪,ここは手を貸すところだぞプロデューサー♪っていうか貸せよ☆,おしとやかに歌って、スウィーティーに踊るぞ☆,スウィーティー…感じて☆,はぁとに誓いを立てて☆,しゅがしゅが☆ウェディング～♪,幸せのおすそわけ、受け取って☆もう～避けるなよっ☆,LIVE大成功☆披露宴の次はぁ…二次会に行くぞ～☆,着物の仕立てはさすがに難しいから、帯のところだけアレンジしたの♪,和服着てるんだし、差し入れは和菓子でお願いね〜☆,結納なんだから、ご挨拶しなくっちゃ♪はぁとでぇす…これはキツいか,鏡、どこにある〜？すうぃーてぃーなポーズの練習しなくちゃ☆,外出するなら、はぁとのえすこーとをお願いね、プロデューサー♪,んじゃプロデューサー、はぁとの家族にも挨拶しよっか♪ほら、はよ☆,そんなに押されても髪型は崩れないぞ♪はぁとの気合い、舐めんなよ☆,はぁとにピッタリの爽やかな柄でしょ♪こーら、聞き流さない☆,おいぃっ…！？帯をこれ以上締めると…おやつが食べらんない☆,たまにはちゃんと褒めて☆はぁとは褒められて伸びる子なんだから♪,き、キレイって…ま、待って…そんな、はぁとのハートが…,プロデューサーも和服着よ♪それではぁとと一緒に歩けば…うん、完璧☆,結婚には憧れるけど、はぁとはみんなのアイドル☆今は一生の伴侶よりも、一生続くお仕事が欲しいな♪頼んだぞ、プロデューサー♪おい、うんって言えよ☆,"ふぃ〜、終わった終わった……おっと、油断大敵♪アイドルはいつだって、アイドルらしくしなくっちゃ☆ファンが見たいのは、スウィーティーなはぁとだもんね♪
でも今日は、和風すうぃーてぃーなはぁとなの☆ファンもだけど、プロデューサーも和服のはぁとを見られて嬉しいでしょ♪
ちなみに、一番近いところで見られるのは、プロデューサー以外にいないんだぞ、この幸せ者☆ほらほらぁ、見惚れていいんだぞぉ♪ほら、目を逸らさなーい☆","和服のしゅがーはぁとはたくさん撮ったから、ここでの撮影はもう終わりだよね♪それじゃあ、足の痺れもなくなったし、次の現場へ行こ☆
最近さ、友だちからちょこちょこ連絡がくるんだ。「結婚しましたぁ♪」って。はぁとはアイドルだから、関係ナッシングだけど☆
……いや、本当はめっちゃ気にしてる。小さい頃からアイドルになりたいって思ってたけど、はぁとも人並みには、憧れがあるんだぞ♪お・よ・め・さ・ん☆
真っ白なウェディングドレスとか、真っ白な着物……うーん、超スウィーティー♪あの一点の汚れもない白……幸せの象徴って感じでしょ☆
実家の家族もはぁとの結婚を……諦めてるかもだけど、少しは気にしてると思うわけよ☆娘にスウィーティーな相手はいるのかしら、ってね。
パパとママ、それによっちゃんを喜ばせたいとは思うけど、それでもはぁとは、アイドルのはぁとが大好きなん♪だからぁ、アイドルのはぁとでしか見せられない姿を見せるの☆
はぁと、和風すうぃーてぃーなお嫁さん☆これで家族は喜ぶだろうし、プロデューサーも言いたい言葉が言えるよね♪せーの、結婚してー☆おい、言えよ☆",SR,60,パッション,82,78,3532,1749,3870,1916,3464,1715,パッションエナジー,パッションアイドルのライフ20%アップ,おすましスウィーティー,ダメージガード,9秒毎、高確率で少しの間、ライフが減少しなくなる,[はぁとの嫁入り]佐藤心（モバマス）,[はぁとの嫁入り]佐藤心+,,,,,,,,,,,,,,,,,,
[はぁとの嫁入り]佐藤心+,2017.05.31,オトナ女子のはぁとなんだもの、白無垢を着たって似合っちゃう☆そうだ、このまま神前式をすんのもいいかも♪相手はもちろん…って、プロデューサーどこ行くの☆ちょっと☆,白無垢は相手の家風に染まるっていう意味があるの…あとは、分かるな？,スウィーティーな式場で、スウィーティーな結婚式して…超泣く☆,相手を見つけたら全力でいくの♪こう、グワシッ！って心を掴む☆,お嫁さんにしたいアイドルにエントリーしよ？今なら暫定一位っしょ☆,婚期が遅れたら、プロデューサーになんとかしてもらうの♪マジ…頼むわ,プロデューサーのお嫁さん候補にしていいんだぞ☆…いいんだぞ,日差し強いから、相合傘してもいいぞ♪拒否権なし☆今日だけは♪,今、お嫁さんにしたいって言った？言ってない？言ったよね？言ったよ☆,汗拭いてくれるの助かるわぁ…白無垢って、案外重いし。婚期の重み〜,衣装もメイクもバッチリ♪唇だって、こんなにぷるんぷるんだぞ☆,はぁとのつやつやヘアー、プロデューサーなら触ってもオッケーよ♪,プロデューサーの期待を感じたもん♪張り切って清楚にしてみた☆,おしとやかに歌って、スウィーティーに踊るぞ☆,スウィーティー…感じて☆,はぁとに誓いを立てて☆,しゅがしゅが☆ウェディング～♪,幸せのおすそわけ、受け取って☆もう～避けるなよっ☆,LIVE大成功☆披露宴の次はぁ…二次会に行くぞ～☆,はぁとのお祝いのために、みんな集まってくれたんだぁ♪,馬子にも衣装とか言うな♪そこは、はぁとにすうぃーてぃー☆,しずしずと歩く大和撫子のはぁと…うふっ、絵になるでしょ☆,まだ感想を聞いてないぞ♪照れないで自分に正直に…おい聞いてんの☆,プロデューサー、どこいったの？おーい、花嫁を一人にすんなー☆,プロデューサーの心を掴むには、やっぱ物理的にいくべき…？,白無垢でルームにいると、超浮いてる♪目立つからいいけど☆,今日はほっぺをつつくの禁止☆明日からなら、つつき放題なんだから☆,アイドルにスキャンダルはノンノン♪このタッチは…スキャンダル？,こんなにスウィーティーなのに、はぁとの魅力に今頃気が付いたの☆,プロデューサーを連れて来て、誰かに斎主をやらせれば…うん、イケる♪,プロデューサーに見られると胸が苦しいの…病院行けとか言うな☆,遠慮しないで、こっちに来ていいんだぞ、プロデューサー♪っていうか、一人で立ってるこっちの身にもなって☆それに、いつも隣にいてほしいのは……んもう、最後まで言わせんな♪,"プロデューサー……ううん、あなた……。うふっ♪名前で呼ぶのって少し恥ずい☆あ、はぁとのキャラの方が恥ずかしいとかは言いっこなし♪
プロデューサーも分かってるだろうけど、はぁともいろいろ焦るところ、あるんだぞ☆地元の友だちもどんどん結婚していってるし……。
でも、今のはぁとの幸せは、ステージの上にあるし♪でもでも、はぁとはお嫁さんになる準備はできてるんだぞ☆逃げるなよ、プロデューサー♪……追うぞ☆","和服のしゅがーはぁとはたくさん撮ったから、ここでの撮影はもう終わりだよね♪それじゃあ、足の痺れもなくなったし、次の現場へ行こ☆
最近さ、友だちからちょこちょこ連絡がくるんだ。「結婚しましたぁ♪」って。はぁとはアイドルだから、関係ナッシングだけど☆
……いや、本当はめっちゃ気にしてる。小さい頃からアイドルになりたいって思ってたけど、はぁとも人並みには、憧れがあるんだぞ♪お・よ・め・さ・ん☆
真っ白なウェディングドレスとか、真っ白な着物……うーん、超スウィーティー♪あの一点の汚れもない白……幸せの象徴って感じでしょ☆
実家の家族もはぁとの結婚を……諦めてるかもだけど、少しは気にしてると思うわけよ☆娘にスウィーティーな相手はいるのかしら、ってね。
パパとママ、それによっちゃんを喜ばせたいとは思うけど、それでもはぁとは、アイドルのはぁとが大好きなん♪だからぁ、アイドルのはぁとでしか見せられない姿を見せるの☆
はぁと、和風すうぃーてぃーなお嫁さん☆これで家族は喜ぶだろうし、プロデューサーも言いたい言葉が言えるよね♪せーの、結婚してー☆おい、言えよ☆",SR+,70,パッション,86,82,4311,2255,4724,2470,4228,2211,パッションエナジー,パッションアイドルのライフ20%アップ,おすましスウィーティー,ダメージガード,9秒毎、高確率で少しの間、ライフが減少しなくなる,[はぁとの嫁入り]佐藤心+（モバマス）,[はぁとの嫁入り]佐藤心,,,,,,,,,,,,,,,,,,
[ブリリアント・はぁと]佐藤心,2017.09.03,大切なアニバーサリーだもん、たまにはちょっとイイお店で過ごしたいでしょ。だからドレスアップして、今夜は楽しも？菜々パイセンは固まってるけど…ほら、緊張してるだけだって,見て…まるで、宝石を散りばめたみたいにキラキラ…ん〜、トレンディ♪,レストランにはTPOを弁えた服で来るって。オトナだもん☆,今日はなんでもない普通の日だよ。…それとも、特別な日にしちゃう？,両手に花、幸せだね。記念日にふさわしい豪華さでしょ,プロデューサー、マナー完璧じゃん。でも、たまには隙も見せてほしいな,景色良し、料理良し。そして目の前にはプロデューサー…言うことなし,酔っちゃダーメ。言ってほしい言葉もあるけど、素面じゃなくちゃ☆,甘い雰囲気には…ならねーよ☆ふたりで来たら、わかんないけど…,今は…うん、リラックス。普段は負けてらんないって肩肘張ってるけどね,菜々パイセンは…あ、まだ未成年か。つい、忘れちゃうの☆,プロデューサーにエスコートされるなんて…もっと酔っちゃいそう〜☆,はぁとに飲ませたいカクテル、選んで…あ、水？そういう感じ？,スウィーティーなはぁとに見惚れて、憧れちゃって,はぁと、輝いてるぅ…☆,オトナのはぁとアピール☆,合言葉はぁ…スウィーティー☆,はぁとすっごく光ってた☆みんなのサインライトのおーかーげ♪,綺麗なはぁともスウィーティーだったでしょ？ウフン♪,誰かカクテル作れるー？あの時の味が、忘れられないの〜☆,次おめかしする時は、ドレス手作りしちゃうか〜♪,鏡に映った自分にうっとり…完璧な仕上がりに、みんなもうっとり☆,もしかして魅了されちゃった？されたでしょ？されたって言えよ♪,誰だお前って…んもう、プロデューサーのしゅがーはぁとだよ☆,あの夜のことが忘れられないの、プロデューサー…だから飲みに行こっ☆,この格好なら急なパーティーにも出られるし♪…で、ないの？パーティー,髪の毛すっごいサラサラだから触ってみ？ほらほらぁ♪いいから触れよ☆,ぼんきゅっぼんだろ☆ドレスでもっと強調されるたわわなはぁとぼでぃ☆,みんなでドレス着よっか♪…あ、そうすっとはぁとが目立たなくなるか,そうそう、このまま二軒目につれてって☆もっと気楽に飲める店♪,プロデューサー、どこ触ってんだよ☆そういうのは…ここじゃ…なーんて,ファンの視線がいつも以上に熱く感じたの……。うふふっ、キレイなしゅがーはぁとに酔っちゃった？はぁともみんなみたいに酔いたいな……。,"いつものほぁとと違うから、みんな驚いてたね。でも、キレイに着飾ったほぁともよかったから、たくさんの声援をくれたんだよね。
それじゃあ、プロデューサー……LIVEの成功に、乾杯しよ。うふふっ、さっきまでは会場の雰囲気に酔わせてもらったから、次は美味しい料理とお酒に、酔わせてもらうの。
ここからはプロデューサーとはぁとだけの、オトナの時間……。普段は言いにくいことも、今なら言えるでしょ？だから、言って……ねぇ……ほら……キレイって言えよ☆","たまにはこの3人で食事するのも、いいもんだよね。さぁ、ここからはオトナの時間。楽しみましょ……って、ん？菜々パイセンは帰る？未成年はダメ？あぁ、そっか……設定ね。
おつかれっした〜☆あぁしっかり、いっぱい食べたし飲んだね〜♪ん〜はぁと大満足☆あ、さっきまでのお淑やかなはぁとはどこ行った？とか思ってる？
オトナはぁとも、今のはぁとも、どっちもはぁとなの♪それともプロデューサーは、さっきまでのはぁとが良かった？まぁ、そっちがいいなら、はぁと的には、それもそれなんだけど。
そりゃ、事務所のアニバーサリーっていうしさ？たまにはプロデューサーをねぎらってあげよっかなーと思って、高いお店予約して、オトナなドレスまで着ちゃってさ。
それはもう気合い入れてきちゃったもんな。LIVEに臨むのとは別な気合いがバリバリ入ってたもん。気に入ってもらえなかったらヘコむわ☆
もし、気に入ってくれたんだったら……はぁと、調子乗っちゃおっかな☆どうしてもって言うなら、オトナキレイなはぁとを……もっと見せてあ・げ・る♪
光に包まれて、優しく抱きしめられているみたい……。うふっ♪ずっと見たかったオトナなはぁとなんだから、はぁとの魅力にクラクラしちゃってね☆うふん♪",SSR,80,パッション,42,40,5962,2725,3178,1452,3858,1764,パッションプリンセス,パッションアイドルのみ編成時、全員の全アピール値50%アップ,みんなの瞳に乾杯☆,パッションフォーカス,パッションアイドルのみ編成時、9秒毎、高確率で少しの間、PERFECTのスコア16%アップ、COMBOボーナス14%アップ,[ブリリアント・はぁと]佐藤心（モバマス）,[ブリリアント・はぁと]佐藤心+,,,,,,,,,,,,,,,,,,
[ブリリアント・はぁと]佐藤心+,2017.09.03,オッケー、撮って☆今までで一番光り輝いてるオトナはぁとをね☆このまま光に包まれてたら、そのまま消えちゃいそうだけど…見つめてくれてたら、大丈夫だから…☆,後光が差して、神秘的〜♪だからって拝むなよ☆,カメラさんキレイに撮ってね☆今日は光が強めだから寄ってもいいよ♪,輝くはぁとを見て…。うふっ、これで目と記憶にはぁとが焼きついたね☆,夢みたいな撮影…。けど、夢心地じゃなくて、現実も見てるから☆,手の届かない存在になっても、プロデューサーの手は届くとこにいるから,プロデューサーなんだから、おだててよ♪はぁと、調子に乗たいの☆,光っていろいろ隠してくれる…。けど、魅力も引き出してくれるの♪,うふ。トップモデルになった気分〜。気分じゃなくて、いつかホントに…,今のはぁとになら言えるよね？せーの、スウィーティー…言えよ☆,はぁとから目を離さないでね♪…あ、そこ、段差あるから気をつけて,はぁとがキラッキラしてるからって、見失わないでねプロデューサー♪,光に抱かれてるみたいでしょ♪プロデューサーも抱いてみない☆,スウィーティーなはぁとに見惚れて、憧れちゃって,はぁと、輝いてるぅ…☆,オトナのはぁとアピール☆,合言葉はぁ…スウィーティー☆,はぁとすっごく光ってた☆みんなのサインライトのおーかーげ♪,綺麗なはぁともスウィーティーだったでしょ？ウフン♪,ルームにシャンデリア吊るそ？一気に豪華な気分になるよ♪気分だけね,髪下ろしたはぁと、好評じゃん♪…あれ、これ喜んでいいの？,誰よりも輝いていたいの♪だからって、照明を増やせって話じゃない☆,はぁとに必要なのは褒め称える言葉なの♪ほらほら、いい気分にさせて☆,プロデューサーがいない？まさか光に包まれて消えた…ワケないか☆,はぁとの輝かせ方は任せたぞ、プロデューサー♪マジで頼むからな☆,はぁとの写真、お守りにしていいよ♪苦労してきたからご利益あるぞ☆,ふい〜…キレイに撮ってもらいたいけど、立ちっぱなしはツラいわぁ〜,いるだけでルームが明るくなるなんて、さすがのはぁとでしょ♪,今日のはぁとは、一味違うの♪ほらほらぁ、オーラがもう違うでしょ☆,はぁとがどこにも行かないからって、放っておくなよプロデューサー☆,はぁとを愛でたいのね、プロデューサーは♪いいよ、どんどん愛でて☆,今日のはぁとは、キレイすぎてファンも近寄りにくいみたい。神々しすぎるって、罪なのね…。でも…まぶしそうに見るファンの視線が、すっごくイイ☆,"アイドルっていっても、いろんなアイドルがいるよね♪はぁとはぁ……もちろん、みんなから愛されるアイドルだよ☆キャピキャピしてて、元気でカワイイでしょ☆
だけど今日のはぁとは、愛されるだけの存在じゃないの。スペシャルなドレスに、サラサラの髪で、特別なはぁと。高嶺の花で、みんなが憧れる、オトナでキレイなはぁと。
憧れの視線で見られるのって、ホントに気持ちいいの☆だからプロデューサーも、はぁとを特別な視線で見てみて♪コラ、目をつぶるなよ☆まぶしいのは我慢しろ☆","たまにはこの3人で食事するのも、いいもんだよね。さぁ、ここからはオトナの時間。楽しみましょ……って、ん？菜々パイセンは帰る？未成年はダメ？あぁ、そっか……設定ね。
おつかれっした〜☆あぁしっかり、いっぱい食べたし飲んだね〜♪ん〜はぁと大満足☆あ、さっきまでのお淑やかなはぁとはどこ行った？とか思ってる？
オトナはぁとも、今のはぁとも、どっちもはぁとなの♪それともプロデューサーは、さっきまでのはぁとが良かった？まぁ、そっちがいいなら、はぁと的には、それもそれなんだけど。
そりゃ、事務所のアニバーサリーっていうしさ？たまにはプロデューサーをねぎらってあげよっかなーと思って、高いお店予約して、オトナなドレスまで着ちゃってさ。
それはもう気合い入れてきちゃったもんな。LIVEに臨むのとは別な気合いがバリバリ入ってたもん。気に入ってもらえなかったらヘコむわ☆
もし、気に入ってくれたんだったら……はぁと、調子乗っちゃおっかな☆どうしてもって言うなら、オトナキレイなはぁとを……もっと見せてあ・げ・る♪
光に包まれて、優しく抱きしめられているみたい……。うふっ♪ずっと見たかったオトナなはぁとなんだから、はぁとの魅力にクラクラしちゃってね☆うふん♪",SSR+,90,パッション,44,42,7188,3578,3832,1908,4652,2315,パッションプリンセス,パッションアイドルのみ編成時、全員の全アピール値50%アップ,みんなの瞳に乾杯☆,パッションフォーカス,パッションアイドルのみ編成時、9秒毎、高確率で少しの間、PERFECTのスコア16%アップ、COMBOボーナス14%アップ,[ブリリアント・はぁと]佐藤心+（モバマス）,[ブリリアント・はぁと]佐藤心,,,,,,,,,,,,,,,,,,
[Happy New Yeah！]佐藤心,2018.01.01,んもう、卯月ちゃんは素直でカワイイとってもイイイコ☆JK時代のはぁとみたい☆とても他人とは思えないぞ☆そうだ♪えいぷりるちゃんって呼んであげる☆ってさすがに苦笑いか〜,よしよし、はぁとのハートは持ってるな☆愛情たっぷり詰まってるぞ☆,や〜ん、あそこにいるのは大物司会者さん♪はぁとを売り込むちゃ〜んす,緊張したら深呼吸♪しゅーがはー、しゅーがはー…はい、リラックスぅ☆,共演者さんとスタッフさんにご挨拶しよっ♪パイプ作りはコツコツと☆,無邪気な顔しちゃって…もうっ、はぁとお姉ちゃんに任せとけ☆,笑いを求められても、はぁとはアイドル☆ゴムパッチンは事務所ＮＧ☆,メイクはバッチリ決めてきたよ☆生放送は編集できないからっ♪うふん,後ろのハートは秘密兵器☆トークの流れが途切れたら…ぱーん！てね♪,バラエティは戦場だ☆卯月ちゃん、はぁとの背中についてこい♪突撃☆,はぁとの手作りハートで、みんなのハートをドッキング☆,心配しなくても放送事故は起こさないよ☆怖いのはお肌のズームだけ☆,仕事終わりには労わってね？具体的には…とびっきりのディナータイム♪,受け取って♪はぁとのハート☆,ワッショイ☆ワッショイ☆,スウィーティーコール、カモーン☆,はぁとの愛をばらまくぞ～☆,LIVE成功の花火がドーン☆はぁとも一緒にぃ、アップでドーン,みんなの幸せを願って一本締め☆よぉ～、スウィーティー☆,そろそろ、着物も仕立ててみようかな。ブランド展開できるかも！,振袖はねぇ、成人式のときにも着たの☆最近の話でしょ？でしょ？,スケジュールを確認っ。お仕事がある幸せ…プライスレスウィーティー☆,お着物の作法もレッスンしたの。和風に言うと稽古？修練？ま、いっか☆,やだぁ、髪飾りがズレちゃったぁ！誰か直してくれないかなぁ。誰かー？,プロデューサーと振袖デート…やんっ、妄想の中のはぁとって大胆っ,帯を締めたらお腹ぱしんっ！ついやっちゃうの、てへ♪関取とか言うな☆,はぁとの着物、見て見て見てぇ？ハートの柄がちょースウィーティー☆,レースの手袋、ハイカラ風でしょ☆和洋折衷、満喫ちゅう〜,チラリと見える足袋がイイって人、いるよね。…チラリン。反応ナシ☆,髪をおろしたはぁとがまた見たい？…じゃ、そういうお仕事持ってきて☆,はぁとの振袖、絵になるだろ☆写真撮っていいんだぞ☆お言葉に甘えろ☆,って、ちょっと待ってくださいよー☆どうどう？ひな壇のノリもサマになってきたでしょ？この調子でグイグイ前に出ちゃうから☆そーれグイグイグイィっ♪,"はぁ〜、全部終わった☆お疲れさまでした〜！プロデューサー、見てたよね？はぁとの大活躍っぷり☆もう、とぼけんなって☆見てないなんて言わせないぞ？
ねぇん……。はぁと、いつも頑張ってるよね？お仕事とかレッスンとか衣装のプレゼンとか。だ・か・ら……今日くらい甘やかしていいと思うのぉ。
と、いうわけで、お年玉ちょーだいっ☆……え、くれるの？プロデューサーったら話がわかるぅ♪わ、大きなボール♪そうそう、それを床に……ってお約束かよ☆","いい感じだったよ、卯月ちゃん☆アレで本当に狙ってないの？天然って無敵だな☆そのままで純粋に育つんだぞ☆あ、プロデューサー☆迎えに来てくれたの？やんっ嬉しい☆
あー、どっこいしょ。いっけね、うっかりノースウィーティー☆でもでも、許してくれるよね？はぁと、お疲れさんなのぉ。今日も宣伝して、レッスンして、さっきは生放送で……。
あっ、勘違いしちゃダメだぞ☆はぁとはアイドルのお仕事大好きだから☆むしろ、コタツでゴロゴロしてるお正月のほうが怖い☆
みんな頑張って輝いてるんだもん。はぁとだって同じ。それに……お仕事以外でもね。誰かを思って行動するって、とってもスウィーティーじゃない☆
最初はね、はぁとだけダントツで年上だし割と悩んだんだよ？距離のとりかたとか。あんまり時間もないし。どうすっかなーって。
でも……うん、全然大丈夫だった。アイツら、マジでイイコ☆一生懸命、おまけにワガママ。もちろん、いい意味で☆はぁとも、JKのころに戻った気分になっちゃった。うふん♪
みんなでお揃いの衣装を着て、おんなじステージに立つ☆こういう楽しさ、ちょっと忘れてたかもっ☆ひとつに合わせたみんなのハート、思いっきり見せつけよー☆",SR,60,パッション,37,35,5030,2491,2709,1342,3281,1624,パッションボイス,パッションアイドルのボーカルアピール値60%アップ,世界めぐる幸せ,COMBOボーナス,9秒毎、高確率で少しの間、COMBOボーナス14%アップ,Happy New Yeah!（イベント）,[Happy New Yeah！]佐藤心+,,,,,,,,,,,,,,,,,,
[Happy New Yeah！]佐藤心+,2018.01.01,ハッピーニュースウィーティー☆みんなー、お待たせー！しゅがーはぁとと仲間たちが、新年のお祝いに来ちゃったぞ☆お祭り気分でワッショイワッショイ☆もっと笑って楽しんで♪,みんなー！スウィーティーしてるー？意味はニュアンスで伝われー！,カメラさーん！カワイイはぁとをしっかり撮ってね☆ちょ、寄りすぎい,来たぞ、来たぞ☆年が明けたお祝いに、しゅがーはぁとが来ちゃったぞ☆,はぁとの愛で、会場をまるっと抱きしめてア・ゲ・ル☆ぎゅぎゅーっ♪,プロデューサーもしゅがーコールして☆お口の中しゅがーまみれにして☆,眩しいステージ、ファンの歓声…やっと…。…だめっ、泣くのは後で♪,聞こえたぞ☆しわ寄せって言ったのは、だ〜れだ？ぶっとばすぞ☆グーで,イエーイ！言っとくけど、こういうポーズなの☆足腰はまだ大丈夫♪,はぁととかな子ちゃんが並んだら、世界はとってもスウィーティー☆,ＪＫたちにも見劣りしない、ぴちぴちボディで視線を釘づけ☆,幸せのモチ撒きだぞーっ☆プロデューサーも受け取る覚悟はできてろう？,笑って、プロデューサー！笑わなかったら笑わせる☆拒否権？ちらない♪,受け取って♪はぁとのハート☆,ワッショイ☆ワッショイ☆,スウィーティーコール、カモーン☆,はぁとの愛をばらまくぞ～☆,LIVE成功の花火がドーン☆はぁとも一緒にぃ、アップでドーン,みんなの幸せを願って一本締め☆よぉ～、スウィーティー☆,はぁとの幸せはみんなの幸せ、みんなの幸せははぁとの幸せ☆オチなし☆,はぁーい、みんなに愛を届けに来たよ☆どこに隠れても持ってくぞ☆,実家に電話すると長くなっちゃうの〜。誰それの結婚がどうした、とか…,筋肉痛くるのが早くなった気がするの☆え〜と、２時間くらい☆,いっぱいの愛で育ててもらったんだもん。おかえししないとね☆,プロデューサー、何かいいことあった？あってもなくても祝うけど♪,ぴたっとした衣装に合わせてスタイル維持☆はぁとったらアスリート☆,１０代と同じパフォーマンスはしんど…くないっ！アイドルに不可能なし☆,はぁとの太もも、気になった？そんなに太くないだろ☆適度ももだろ☆,お誕生日パーティー大好き☆加齢のことは気にしない☆,プロデューサーの愛、はぁとはちゃんとわかってるぞ☆厳しめでもね♪,おめでとー♪はぁとに出会えてよかったな☆マジで思ってる？そっか…,ん〜、みんなの声が聞こえないな〜？おめでたいときに恥ずかしがるのは、らめらめら〜め☆ハートの底から声出してこー♪,"おめでとうって言葉はね、愛がないと言えないの☆みんなに愛されてきたはぁとには、それがわかるんだ☆お誕生日や入学式に成人式……それからアイドルデビュー。
これから先に、何があるかわからない場所に送り出すのって言う相手に愛と信頼がないと言えないでしょ？だから、はぁとは幸せ者なの☆ここまで来られたんだから☆
ってわけで、これからははぁとの番。今までもらってきた愛を、ファンのハートにばら撒くの☆幸せになれーっ、いいことがあれーっ、てね♪","いい感じだったよ、卯月ちゃん☆アレで本当に狙ってないの？天然って無敵だな☆そのままで純粋に育つんだぞ☆あ、プロデューサー☆迎えに来てくれたの？やんっ嬉しい☆
あー、どっこいしょ。いっけね、うっかりノースウィーティー☆でもでも、許してくれるよね？はぁと、お疲れさんなのぉ。今日も宣伝して、レッスンして、さっきは生放送で……。
あっ、勘違いしちゃダメだぞ☆はぁとはアイドルのお仕事大好きだから☆むしろ、コタツでゴロゴロしてるお正月のほうが怖い☆
みんな頑張って輝いてるんだもん。はぁとだって同じ。それに……お仕事以外でもね。誰かを思って行動するって、とってもスウィーティーじゃない☆
最初はね、はぁとだけダントツで年上だし割と悩んだんだよ？距離のとりかたとか。あんまり時間もないし。どうすっかなーって。
でも……うん、全然大丈夫だった。アイツら、マジでイイコ☆一生懸命、おまけにワガママ。もちろん、いい意味で☆はぁとも、JKのころに戻った気分になっちゃった。うふん♪
みんなでお揃いの衣装を着て、おんなじステージに立つ☆こういう楽しさ、ちょっと忘れてたかもっ☆ひとつに合わせたみんなのハート、思いっきり見せつけよー☆",SR+,70,パッション,39,37,6139,3210,3306,1729,4005,2094,パッションボイス,パッションアイドルのボーカルアピール値60%アップ,世界めぐる幸せ,COMBOボーナス,9秒毎、高確率で少しの間、COMBOボーナス14%アップ,Happy New Yeah!（イベント）,[Happy New Yeah！]佐藤心,,,,,,,,,,,,,,,,,,
[凸凹スピードスター]佐藤心,2018.07.31,ふたりの魔法少女ステージ！？菜々パイセン、それスウィーティーじゃないっすか♪はぁと、メチャカワイイ衣装手作りすっから！んじゃ、成功を誓って…せーのっ☆カンパーイ♪,あの夕陽に誓う友情…あーんど決意表明☆や〜ん、青い春って感じ♪,菜々パイセン、ふたりで最高のステージを作りましょうね♪かんぱーい☆,パイセンの昔のバイト先がこの辺に？行ってみたいーい☆…らめ？どちて？,勢いで、言ってみっかな…キャハ☆しゅがーはぁとも１７歳☆なんちて☆,プロデューサーとはぁ、もっとオトナな飲み物でカンパイちたいなー☆,はぁとたちもあの太陽みたいに輝くの♪おい、もうすぐ沈むとか言うな☆,缶のフチに夕陽が反射して…っやん☆まぶしっ,おでんの缶詰…ノースウィーティーだけど、まぁいっか☆,パイセン♪全部終わったら打ち上げやりましょ！もち、ウサミン星で☆,プロデューサー、腰に手ぇ当てて♪…おお、いい食べっぷり！,プロデューサー、腰に手ぇ当てて♪…おお、いい食べっぷり！,プロデューサー、はぁとを魔法少女にしてくれる？ほれさっさとしろよ☆,シュガシュガハートでスウィーティー☆メタモルフォーゼ☆,やれんのかお前ら～！,二人ならどうにかるモード発動☆,合体☆ハートウェーブ♪,大勝利♪魔法少女スウィートシュガー☆次回も楽しみにしろよ☆,やんっ、はぁと魔法少女に向いてるかも…♪,はぁと、みんなのエンジェルとして飛び立つぞ☆崖っぷちから☆,魔法少女かぁー、どんな衣装つくろっかな☆おい、キツいってゆーな☆,レッスンかんりょ♪汗のしたたる、良いはぁと☆…あ〜、身体きっつつう,ほわぁ、ねっむぅ〜…。っといっけね、大口あけちった☆忘れろよ☆,もしも魔法が使えたら…プロデューサーを縛り上げる☆精神的に☆,プロデューサー、カンパーイ☆なんもないけど☆カンパイしたいだけ☆,おでんもいいけど、しゅがーはぁともね♪なんちて☆,お願いプロデューサー♪新しい衣装、はぁとに作らせて☆経費で☆,アナタだけのらぶりーはぁとに、ヘンシン☆…え？そういうのいらない？,はぁとを撫でようとするプロデューサーに…カウンターはぁとアタック☆,あ〜、プロデューサーのマッサージ、効くわぁ…あ、そこもっと強くう☆,プロデューサーの食べたい物、はぁとが作ったげるぞ☆…え、おでん？,菜々パイセンとはぁとで、コンビのお仕事けってー♪スウィーティーすぎてテンションあがるわー☆それじゃ早速景気付けにビールでカンパイ……え、ビールはナシ？,"それじゃ、ステージの成功を祈って♪カンパイ☆おでんってトコが、いまいちスウィーティーじゃないけど☆
しっかしおでんを自販機で売るって発想キワモノだけどすごいわ。っておい、はぁとたちもキワモノとかゆーな☆そんなプロデューサーにはおでんフーフーして食べさせちゃうぞ☆
……へ？プロデューサーも、はぁとにフーフーしてくれるの？やんっ♪お互いに『あーん』とか、ベタだけどアツいなコレ☆ってあつっ！大根あつい！マジあっつー！","せーのッ☆カンパーイ♪菜々パイセンとなら、魔法少女なステージも拍手喝采間違いナシ☆んでもー……あっ、プロデューサー♪ナイスタイミングだぞ☆
んくっ、んくっ、んくっ……ぷはー♪おっといけね☆あーん♪このカクテルとってもスウィーティー☆プロデューサー、付き合ってくれてさんきゅ☆
へ？なんでいきなりバーに連れ込まれたのかって？いやー、さっきはぁと、菜々パイセンと、ステージの成功を願って誓いのサカズキ？っていうのを交わしたワケだけどー。
でもぉー、おでんじゃぁー、ちょーっとスウィーティーさが足りないっていうかぁ☆……いや美味しいけどおでん。牛スジとか好きだけど。
でもでもぉ☆はぁとがはぁとなりの魔法少女に変身するにはぁ、アルコールの力が必要だったんだもん☆……っていうか喜べよプロデューサー☆はぁととデートだぞ☆
夢みたいだろ☆なぁ、おーい♪目ぇ逸らすなよ☆……んもぉーっ☆あんまヨソ見してっと、その隙に……変身しちゃうぞ☆
しゅがしゅがハートで、スウィーティー☆メタモルフォーゼ♪ほらっ、プロデューサーも☆はぁとの手と手を繋げて、ラブラブハートを作んだよ☆おらっ☆",SR,60,パッション,37,35,2959,1465,4788,2371,2390,1184,パッションステップ,パッションアイドルのダンスアピール値60%アップ,しゅがしゅが☆はぁとビーム,コンセントレーション,9秒毎、中確率でしばらくの間、PERFECTのスコア19%アップ、PERFECT判定される時間が短くなる,凸凹スピードスター（イベント）,しゅがしゅが☆み～ん（ユニット）,[凸凹スピードスター]佐藤心+,,,,,,,,,,,,,,,,,
[凸凹スピードスター]佐藤心+,2018.07.31,魔法少女スウィート☆シュガーに大☆変☆身♪菜々パイセン…じゃなくてマジカル☆ウサミンと一緒に、悪い子をぶっとばしちゃうぞ☆あ、キツいって言ったヤツもついでにな☆,菜々パイセンもヘソ出ししよーぜ☆へーきへーき、イケるって♪まだ☆,ふたりなら、凸凹道もなんのその！悪い子は、ぶっとばすぞ☆,しゅがしゅが☆はぁとビームッ♪…出せる気がするわ、今ならマジで,パイセンが現役ＪＫ魔法少女なら…はぁとは甘々シロップ原液魔法少女で☆,やれんのかプロデューサー！もち、はぁとも一緒にやってやんぞ☆,プロデューサーとは、見えてる世界一緒だよな☆ほら、こっち向けよ☆,このはぁとアンテナで、悪い子の気配をキャッチ☆っていう設定☆,アイドルと魔法少女って、似てんな…ＢＢＡに厳しいとことか。っておい☆,おい、魔女っていうな☆呪っちゃうぞ☆一生解けない恋の呪いな♪,この衣装？もち手作りだぞ☆はぁとたちの夢、たっぷり縫いつけといた☆,プロデューサーの手と一緒につくる、ふたりのはぁとまーく☆好感触う☆,お願い☆プロデューサーも魔法少女に変身してぇ☆いや、させるわ,シュガシュガハートでスウィーティー☆メタモルフォーゼ☆,やれんのかお前ら～！,二人ならどうにかるモード発動☆,合体☆ハートウェーブ♪,大勝利♪魔法少女スウィートシュガー☆次回も楽しみにしろよ☆,やんっ、はぁと魔法少女に向いてるかも…♪,魔法少女スウィート☆シュガー！やー、設定増えちゃうわこの歳でー,しゅがしゅがハートでミンミンミン☆…どぉどぉ？決まってるっしょ♪,しゅがっ！魔法少女シュガーが悪をやっつけるしゅが！…なんか違うか,魔法少女モノ、昔は妹とよく見てたわー。ってそんな昔じゃなかったわ,必殺はぁとビームで、プロデューサーのハートをぶち抜いちゃうぞ☆,オンナノコはいくつになっても魔法少女！だろ、プロデューサー♪な☆,はぁとの魔法見せたる☆物理的にはぁとアタック☆え、魔法じゃない？,髪、ほどいちゃらめぇ☆魔法が解けちゃうぅ…らめっつってんだろ☆,はぁとアンテナを保持するコツは、ワックス…じゃなくて魔法だぞ☆,キレッキレな魔法少女アクションするには、レッスン第一☆後で甘やかせ,どぉプロデューサー☆この変身ポーズ♪…セクスィーすぎる？てへ☆,プロデューサーも、スウィーティーな魔法にかかってみる？ガチなやつ☆,一人でも、悪い子ぜったいぶっとばす☆二人なら、凸凹道でもスウィーティー！おーし菜々パイセン、魔法少女しゅがしゅが☆み〜んに変身だぞ♪,"オーディション落選、腰の痛み、お肌の曲がり角……どんなキツい現実だって、力を合わせて乗り越える☆だってはぁとたちは、夢と希望の魔法少女だから♪
……いやマジで、ハートがめげちゃいそうな夜もあんだけど。でも、今のはぁとはひとりじゃないかんな。だって頼りになるプロデューサーと、パイセンがいるんだもん☆
けど、菜々パイセンにだって負けるつもりはねーぞ☆路線が近いからこそ、張り合いがあるってもんだし♪ってわけで、またレッスンよろしくなプロデューサー☆","せーのッ☆カンパーイ♪菜々パイセンとなら、魔法少女なステージも拍手喝采間違いナシ☆んでもー……あっ、プロデューサー♪ナイスタイミングだぞ☆
んくっ、んくっ、んくっ……ぷはー♪おっといけね☆あーん♪このカクテルとってもスウィーティー☆プロデューサー、付き合ってくれてさんきゅ☆
へ？なんでいきなりバーに連れ込まれたのかって？いやー、さっきはぁと、菜々パイセンと、ステージの成功を願って誓いのサカズキ？っていうのを交わしたワケだけどー。
でもぉー、おでんじゃぁー、ちょーっとスウィーティーさが足りないっていうかぁ☆……いや美味しいけどおでん。牛スジとか好きだけど。
でもでもぉ☆はぁとがはぁとなりの魔法少女に変身するにはぁ、アルコールの力が必要だったんだもん☆……っていうか喜べよプロデューサー☆はぁととデートだぞ☆
夢みたいだろ☆なぁ、おーい♪目ぇ逸らすなよ☆……んもぉーっ☆あんまヨソ見してっと、その隙に……変身しちゃうぞ☆
しゅがしゅがハートで、スウィーティー☆メタモルフォーゼ♪ほらっ、プロデューサーも☆はぁとの手と手を繋げて、ラブラブハートを作んだよ☆おらっ☆",SR+,70,パッション,39,37,3612,1889,5844,3056,2917,1526,パッションステップ,パッションアイドルのダンスアピール値60%アップ,しゅがしゅが☆はぁとビーム,コンセントレーション,9秒毎、中確率でしばらくの間、PERFECTのスコア19%アップ、PERFECT判定される時間が短くなる,凸凹スピードスター（イベント）,しゅがしゅが☆み～ん（ユニット）,[凸凹スピードスター]佐藤心,,,,,,,,,,,,,,,,,
[オーダーメイド・はぁと]佐藤心,2018.10.31,いやーん☆花の都で新衣装のオーダーメイドだなんてぇ、プロデューサーったら最っ☆高♪パリジェンヌでぼんじゅーる☆なしゅがーはぁと、拝ませてやっからな☆期待しろよ☆,あーん♪スウィーティーな生地がいっぱーい☆さすが花の都ってやーつ☆,オーダーメイドとか、エグいお値段すっけど…遠慮なんざしねーぞ☆,やだぁ〜くぁわいい〜☆このピンクとか、モロはぁと色ってカンジ〜☆,生地屋さんのフンイキ、はぁとダイスキ☆海を越えてもワクワクするわー,はぁと、ひらめいちった☆プロデューサー、きーてきーて☆聞けよ☆,このあとはー♪エッフェル塔、征服すっぞ☆ジュテームの壁も行くぞ☆,うげっ、採寸〜？ぼん・きゅ・ぼんじゅーる☆ってカンジじゃらめぇ？,どっちにすんのかって？ウフン♪どっちもに決まってるっしょ☆,ピンクの方を〜、くびれのラインにしゆるりん☆って！ねっ☆ねっ☆,はぁと、あっちの生地も見たいなー☆プロデューサー通訳できる？ヨロ☆,や〜んっ、まだ帰らないの〜っ☆はぁと、まだお洋服み〜た〜い〜！,プロデューサーと海外旅行…スウィーティー☆へ？仕事だって？もぉ〜☆,世界に響け☆スウィーティーの魔法☆,ぼんっきゅっぼんじゅ～る♪,パリジェンヌ・はぁと☆,はぁと、皆のお姫様？やんっ☆,LIVE大成功～♪皆メルスウィーティー☆,お菓子がなくてもはぁとがあればいいじゃない…☆な？,いーっぱいのお洋服に囲まれるの、幸せ☆コーデ考えるのも楽ちい☆,はぁとはアイドルでぇ、大和撫子でぇ、パリジェンヌ☆設定盛ってこ♪,海外のファッションにも、キョーミシンシン☆勉強熱心だぞ♪ほめろ☆,薔薇色の生地とにらめっこしてたら…バラ肉に見えて来たわ。じゅるり…,プロデューサーへのパリ土産は…この領収書♪あん☆破っちゃらめぇ☆,プロデューサーと、お揃いのオーダーメイドもしてみたぁい☆,海外だと、日本人て若く見られるんだって☆じゃぁはぁとは…１６くらい☆,へ？スウィーティーをフランス語で？ムリムリ、魔法のコトバだかんな☆,『オーダーメイドのドレス』…はぁん☆スウィーティーなヒ・ビ・キ☆,どんなチャンスでも、頭から飛び込むの☆髪の毛の先でも触れれば勝ち♪,そのメジャーで、はぁとのサイズを測る気！？…あ、家具のサイズね…,プロデューサーの視線☆はぁとに見惚れちったか？あーん♪トレビアン☆,じゃ、赤い方は腰にぶわぁん☆スウィーティー☆ってカンジで♪んもぉ☆はぁとのびびっとな感性、お店のひとに伝わんな〜い！……って、フランス語じゃないとらめぇ？,"やぁん☆もぉ♪ステキな生地に囲まれてるとステキなアイディアがどんどん湧いてきて……はぁと困っちゃう☆
……こーいぅ一枚の生地からキラキラのドレスが出来るんだよね。ただのめちゃかわな女の子だったはぁとが、キラキラのアイドルになっちったみたいにさー。
ねぇねぇ☆はぁとに魔法をかけてくれたプロデューサー的には、右のと左のどっちが好み？うぇ？真ん中……？ちょつ、もっかい！今の、もっかい言って！","あはーん☆さんざん迷っちったけど……はぁとの夢と憧れを満載したオーダーメイドのドレス、発注完了☆店員さぁん、あとはよろしくお願いシルブプレ♪
プロデューサー、まだ時間あるよな？せっかくパリに来たんだし、あそこに見えてる観光名所の塔、一緒に登って征服すっぞ♪それからそれからっ……☆
やー☆パリ観光、堪能しちった♪歴史ある街だけあって、見どころイッパイ☆はぁと大満足って感じぃ☆付き合ってくれて、ありがとな♪
それにしてもパリの街って、東京みたいな高層ビル全然ないんだよねー。歴史ある建築物と、景観を守るため、って理由らしいけどさー。
パリと違って、アイドル界には制限なんざないからなー。いきなりドーン☆ってスゴイのが来たりするしさー。
業界歴長いからって、守られたりするわけじゃないもんな。だから、やっぱ常に、前に進んで行かなくっちゃって思うワケ。トップアイドルってやつになるにはさ☆
ってわけで☆せっかくパリに来たんだし、歴史ある西洋文化と日本の最新ファッションの融合……させてみせよっ☆あっおいはぁとの歴史が古いとかじゃねーぞ？まだ２６だぞ？☆
大和撫子にしてパリジェンヌなお姫さま、しゅがー・はぁとワネットが、アイドル界を革命しちゃうぞ☆せーのっ♪しゅがーはぁと・れぼりゅ〜しょんっ☆",SSR,80,パッション,42,40,1386,634,9656,4414,1980,905,シンデレラチャーム,LIVEクリア時、獲得ファン数が40%アップ,ぼん・きゅ・ぼんじゅーる☆,トリコロール・シナジー,3タイプ全てのアイドル編成時、9秒毎、高確率で少しの間、PERFECTのスコア16%アップ/ライフ1回復、COMBOボーナス15%アップ,[オーダーメイド・はぁと]佐藤心+,,,,,,,,,,,,,,,,,,,
[オーダーメイド・はぁと]佐藤心+,2018.10.31,ヴェルサイユの華☆しゅがー・はぁとワネット爆誕♪世界で一番スウィーティーなプリンセスになったはぁとが、アイドル界に『か・く・め・い』♪起こしちゃうぞ☆ぱるぱるどーん♪,んふ♪マリー・アントワネットならぬ、しゅがー・はぁとワネットだぞ☆,しゅがーはぁと、世界デヴュー♪スウィーティーはワールドワイド☆,キラキラの宮殿、すご…。でも、はぁとはもっとキラキラすっから☆,フランス語もだいたいバッチリ♪もん・ぷてぃ・しゅがーはぁと☆,おし☆この勢いでパリの社交界に売り込みに行くぞ☆プロデューサー♪,はぁと、こんな宮殿に住んでみたぁい♪プロデューサーと一緒に☆,スウィーティーな衣装とお仕事、マジあんがとな♪メルスウィーティー☆,パリだけじゃなくて世界中、はぁとの魅力でメロメロにしてやっからな☆,オーダーメイドのドレス、はぁとのバディにじゃすと☆ふぃっと♪,サバ？サバなんて読んでねーし２６だしっ！…へ？ただの挨拶？,プロデューサーと、世界獲っから☆本場のパリジェンヌにも負けねーぞ☆,ロココ調ドレスのはぁとが、プロデューサーのココロをイチコロすっぞ☆,世界に響け☆スウィーティーの魔法☆,ぼんっきゅっぼんじゅ～る♪,パリジェンヌ・はぁと☆,はぁと、皆のお姫様？やんっ☆,LIVE大成功～♪皆メルスウィーティー☆,お菓子がなくてもはぁとがあればいいじゃない…☆な？,爆誕☆はぁとプリンセス！王妃じゃないのかって？や、独り身だし…,お土産、どっさり☆大人組にワインとー、甘い物好きにスウィーツとー☆,フランス料理といえば…肉っ！肉食べたい♪ブフ・ブルギニョン☆,パリと事務所を繋ぐ魔法の裏口、つくりたぁい☆毎日がシャンゼリゼ☆,お菓子が無ければ…スウィーティーなはぁと成分を摂ればいいんだぞ☆,お姫さまはぁとが、いつでもプロデューサーの傍にいてやんぞ☆喜べ☆,この重いスカートでダンスはキツ…ううん☆はぁとの腰ならまだいけるっ,体型管理はアイドルのキホン☆だからはぁとは、いつでもだいえっと中☆,フランス語でしゅがーはぁとは…『しゅくる・くーる』？くるくる〜ん☆,はぁとふる☆ういーんぐ！セーヌの空に羽ばたくの、アイドルとしてっ,あっプロデューサー☆背中のファスナー、頼むっ！ありがと…ぐえっ！,また一緒に海外いこ☆プロデューサー！理由はなんでもいいからな☆,あのね、プロデューサー。しゅがーはぁとはホントは、ブルボン王朝の血を引くプリンセス……なーんてジョーダン☆ぼん・きゅっ・ぼんそわーる☆,"やあん、ホンモノの宮殿って、あっちもこっちもキラキラ☆はぁとのハートがクラクラしちゃうっ。……ここに人が住んでたとは思えないわ、マジで……。
……でもでもっ☆キラキラなサインライトに囲まれてきたアイドルはぁとが、このてーどのキラキラで怯んだりするわけにはいかねーしっ☆
プロデューサーと一緒にオーダーしたこの衣装で、今日のはぁとは宮殿よりもキラキラしてみせっからな☆スウィーティーなＰＶ撮影、しっかり頼んだぞっ☆","あはーん☆さんざん迷っちったけど……はぁとの夢と憧れを満載したオーダーメイドのドレス、発注完了☆店員さぁん、あとはよろしくお願いシルブプレ♪
プロデューサー、まだ時間あるよな？せっかくパリに来たんだし、あそこに見えてる観光名所の塔、一緒に登って征服すっぞ♪それからそれからっ……☆
やー☆パリ観光、堪能しちった♪歴史ある街だけあって、見どころイッパイ☆はぁと大満足って感じぃ☆付き合ってくれて、ありがとな♪
それにしてもパリの街って、東京みたいな高層ビル全然ないんだよねー。歴史ある建築物と、景観を守るため、って理由らしいけどさー。
パリと違って、アイドル界には制限なんざないからなー。いきなりドーン☆ってスゴイのが来たりするしさー。
業界歴長いからって、守られたりするわけじゃないもんな。だから、やっぱ常に、前に進んで行かなくっちゃって思うワケ。トップアイドルってやつになるにはさ☆
ってわけで☆せっかくパリに来たんだし、歴史ある西洋文化と日本の最新ファッションの融合……させてみせよっ☆あっおいはぁとの歴史が古いとかじゃねーぞ？まだ２６だぞ？☆
大和撫子にしてパリジェンヌなお姫さま、しゅがー・はぁとワネットが、アイドル界を革命しちゃうぞ☆せーのっ♪しゅがーはぁと・れぼりゅ〜しょんっ☆",SSR+,90,パッション,44,42,1671,832,11641,5794,2388,1189,シンデレラチャーム,LIVEクリア時、獲得ファン数が40%アップ,ぼん・きゅ・ぼんじゅーる☆,トリコロール・シナジー,3タイプ全てのアイドル編成時、9秒毎、高確率で少しの間、PERFECTのスコア16%アップ/ライフ1回復、COMBOボーナス15%アップ,[オーダーメイド・はぁと]佐藤心,,,,,,,,,,,,,,,,,,,
[ラグジュアリィ・はぁと]佐藤心,2020.01.31,ヘイ、プロデューサーちゃん、乗ってけよ☆なーんて、ビックリした？せっかくふたりで出かけるんだし、気合入れたくなるっしょ♪ほら乗って、バレンタインショッピング楽しもっ☆,今日の予定は、買い物してご飯食べて、それから…とにかくいっぱい♪,そんじゃこのまま、はぁとの実家に直行してご挨拶な☆うそうそ、冗談♪,安全運転、ヨシ♪やんちゃなはぁとも、ドライブ中はマジメなんだぞ☆,車あると、お仕事的に便利なんだよね〜。出先でも着替えられるし♪,これから毎日、プロデューサーの送り迎えしちゃう？はぁと頑張る♪,デキるオトナなはぁとって、やっぱプロデューサーともお似合いかも☆,はぁとの愛車、いいだろ〜？カッコイイだろ〜？まぁレンタカーだけど,待て、なんで後部座席開けてんだ☆パートナーなら助手席確定だろ♪,はぁ、シートベルトきつぅい♪いやお腹じゃねぇよ、お腹はきゅっ☆だぞ,この車、映画に出てきそうな雰囲気だよね。銀幕スタァなはぁと…♪,プロデューサー、気付いた？『ス・ウィ・イ・テ・ィ・ー』のサイン♪,はぁとに付き合ってくれるプロデューサーには、きっとご褒美があるぞ☆,ビタースウィートなはぁとテイスト…ア・ゲ・ル♪,チョコ、受け取って…☆,トロトロさせちゃう…☆,ドキドキしてるぅ♪,忘れられない味になったっしょ？ふふっ♪,愛情タップリの三倍返し…待ってるからな☆,マイカー持つなら、色はピンクで〜♪ナンバーはもちろん、０３１０☆,はぁとボイスの車とか、アリじゃない？バックします☆バックします☆,家族チョコも送ってあげなきゃ。めっちゃ高級なヤツ、いくか…？,バレンタイン…漂う甘い香り…殺気立つクラスメイト…懐かしいっすわ,プロデューサーは、はぁとの癒し♪疲れてるときのチョコみたいな？,プロデューサーも、もっと甘え上手になっていいんだぞ♪はぁとが許す☆,プロデューサー、次のドライブはいつにする？え、決定事項っしょ？,免許証の写真は、あんまり見ちゃいやあん☆…だってほら、真顔だし,プロデューサー、手伝うことある？いまのはぁとは頼れるオトナモード☆,はぁとはナビも得意だぞ☆伊達に人生、いろいろ回り道してないっすわ,プロデューサーに、はぁと免許あげちゃうぞ☆有効期限は一生だから♪,はぁとは頼れるパートナー？やぁん☆その調子で、もう一声お願いっ♪,可愛いはぁともプロデューサーは好きだろうけど、オトナのカッコよさだって、たまにはアピールしときたいし♪こういうのグッとくるっしょ？素直になっちゃえよ〜☆,"免許は、学生のときにそっこー取得して、それからちゃんと無事故無違反でやってきたんだよね。プロデューサーに会までは、だけど♪
うん、だから、プロデューサーと運命的なごっつんこ☆して、はぁとの人生ガラっと変わっちゃったでしょ？これもう、責任取ってもらうしかないわーって話☆
……おいコラ、微妙な反応すんな☆はぁと的には、めっちゃうまいこと言っちゃったって思ってたんだぞ☆まぁそんなつれないトコも、キライじゃないけど♪","はー、バレンタインショッピング楽しかったわぁ〜。それじゃあプロデューサーに、はぁとからのご褒美♪ちょっぴり早めだけど……まごころプレゼント、あげちゃうぞ☆
ふふっ、ビックリした？それとも期待してた？はぁとは気配り上手だから、プロデューサーが喜ぶこと、ぜ〜んぶ御見通しなんだぞ☆
まぁ、はぁとと一緒にドライブデートってだけで、お礼としては十分すぎるかもしんないけどさ。それはそれ、これはこれって感じ？
だって……今日だけじゃなくて、プロデューサーにはいつもお世話になってるし。はぁとのために頑張ってくれてるの、毎日見てるもんね♪ホント、ありがとな☆
さーて、言うこと言ったしプレゼントも渡したし！ちょっとマジメなオトナはぁとは、おしまいっ♪いつものスウィーティー全開で頑張るぞ、フーツ☆
それとも……プロデューサー的には、もうちょいオトナはぁとを見てたい感じ？それなら少しだけ、おまけしちゃおっかな♪バレンタインだけの、トクベツな時間……あげちゃう☆
オトナの恋は、ビタースウィート……うふふ♪バレンタインのはぁとは、いつもと一味違うもんね。アダルティーでセクシーな魅力に……溺れさせたるげる☆",SSR,80,パッション,42,40,5980,2736,3174,1441,3840,1763,パッションユニゾン,パッションアイドルの全アピール値30%アップ、パッション楽曲なら55%アップ,お返し待ってるぞ☆,パッションアンサンブル,11秒毎、高確率でしばらくの間、他のパッションアイドルのスコアアップ/COMBOボーナス効果を特大アップ,[ラグジュアリィ・はぁと]佐藤心+,,,,,,,,,,,,,,,,,,,
[ラグジュアリィ・はぁと]佐藤心+,2020.01.31,ふぅー…♪とろけるみたいな甘さもいいけど、今日はビターなオトナのはぁと☆アナタの心にぴったり寄り添って、夢中にさせてあげるね♪バレンタイン、忘れられない思い出に……うふ☆,テーマはオトナセクシーでしょ？はぁとめっちゃ得意だし、頑張る♪,はぁとから、目が離せないって…みんなの気持ち、伝わってくるぅ,プレゼント、欲しい？どうしよっかな〜？じらすのも、オトナのテク☆,おすまし顔、ドキッとくるでしょ？トクベツなバレンタインだもんね,バレンタインモード、入ってるから…わがままはぁとも見せちゃうぞ,世界中が、はぁとの魅力に目覚めちゃう…プロデューサーみたいに♪,ちょっぴりアンニュイなこと、考え中…。はぁともいろいろあるんだもん,シュガー控えめな代わりに、ハートはたっぷりだし。ほら、感じて…,やぁん、食べたくなっちゃった？まだダーメ。はぁとは高級路線なの…♪,休憩してても、絵になっちゃう…。はぁとったら、セクシーすぎる…！,お返しは、プロデューサーの愛情ね☆来月じゃなくて、いまちょーだい♪,んもう♪駆け引き上手なところは、プロデューサーに教わったんだぞ☆,ビタースウィートなはぁとテイスト…ア・ゲ・ル♪,チョコ、受け取って…☆,トロトロさせちゃう…☆,ドキドキしてるぅ♪,忘れられない味になったっしょ？ふふっ♪,愛情タップリの三倍返し…待ってるからな☆,ドレスコードはスウィーティーで♪ノースウィーティーはお断りだぞ♪,季節のイベントは、オトナパワーの見せ所♪チョコが欲しい子、集まれ〜,髪の毛ふわっふわ〜♪ほらプロデューサー、さわって〜♪…さわれよ☆,宝石キラキラ、高級感すご〜い！でも、はぁとの心は…プライスレス☆,はぁと、すごいドキドキしたし…プロデューサーも３倍ドキドキしろよ☆,熱い視線、感じるぅ♪はぁと、このままじゃとろとろにとけちゃう…☆,バレンタインっていうか…ヴァレン、タイン…♪ね、セクシーっしょ？,なぁに、はぁとを食べちゃいたい？プロデューサーったら、ダイタ〜ン♪,そんなイタズラより〜…もっとオトナなスキンシップ、お願い♪やぁん☆,甘いのと苦いの、プロデューサーはどっちが好み？やっぱ両方？欲張り☆,プロデューサーが、愛情込めてラッピング…そんな感じの衣装だよね♪,はぁとには、賞味期限とかないし♪いつでも食べごろだぞ、ほれほれ☆,はぁとにメロメロなみんなが、チョコを求めてお店に殺到♪あっという間に売り切れて、騒動になったらどうしよう？あぁんっ、はぁとったらセクスィーすぎて罪な女……☆,"アダルティーでラグジュアリーな、オトナのバレンタイン……はぁとも子どものころ、憧れてたっけなぁ〜♪お仕事で夢を形にできちゃうとか、人生まじスウィーティー☆
でもね……はぁとはちゃんと伝えたいの。バレンタインチョコが美味しいのは、一番の隠し味……大好きって気持ちが、何より大事なんだってコト。
はぁとがみんなをメロメロにできるのは、本気のハートがこもってるから。ステキなバレンタインを過ごしたい、本気の願い……教えてくれたのは、プロデューサーなんだぞ☆","はー、バレンタインショッピング楽しかったわぁ〜。それじゃあプロデューサーに、はぁとからのご褒美♪ちょっぴり早めだけど……まごころプレゼント、あげちゃうぞ☆
ふふっ、ビックリした？それとも期待してた？はぁとは気配り上手だから、プロデューサーが喜ぶこと、ぜ〜んぶ御見通しなんだぞ☆
まぁ、はぁとと一緒にドライブデートってだけで、お礼としては十分すぎるかもしんないけどさ。それはそれ、これはこれって感じ？
だって……今日だけじゃなくて、プロデューサーにはいつもお世話になってるし。はぁとのために頑張ってくれてるの、毎日見てるもんね♪ホント、ありがとな☆
さーて、言うこと言ったしプレゼントも渡したし！ちょっとマジメなオトナはぁとは、おしまいっ♪いつものスウィーティー全開で頑張るぞ、フーツ☆
それとも……プロデューサー的には、もうちょいオトナはぁとを見てたい感じ？それなら少しだけ、おまけしちゃおっかな♪バレンタインだけの、トクベツな時間……あげちゃう☆
オトナの恋は、ビタースウィート……うふふ♪バレンタインのはぁとは、いつもと一味違うもんね。アダルティーでセクシーな魅力に……溺れさせたるげる☆",SSR+,90,パッション,44,42,7210,3589,3829,1905,4629,2305,パッションユニゾン,パッションアイドルの全アピール値30%アップ、パッション楽曲なら55%アップ,お返し待ってるぞ☆,パッションアンサンブル,11秒毎、高確率でしばらくの間、他のパッションアイドルのスコアアップ/COMBOボーナス効果を特大アップ,[ラグジュアリィ・はぁと]佐藤心,,,,,,,,,,,,,,,,,,,
[Go Just Go！]佐藤心,2020.08.31,りあむちゃん、はい、あーん☆まったくぅ、世話がやけるんだから☆はぁとにこんなことしてもらえるなんて、超超超大サービスなんだから、心の底から感謝しろよな☆,ゴージャスなプールに、スウィーティーなはぁと。ヤバっ、映え過ぎっ☆,ガチで感謝されたら困っちゃうぞ☆冗談なんだから、テキトーに流せ☆,太陽がキラキラで超まぶしいっ☆…日焼け止め、塗りなおそっかな☆,ん〜っ、フルーツ、スウィーティー♪贅沢過ぎて、とろけちゃいそう♪,あとで、プロデューサーに水着を見せびらかしにいっちゃおっと☆,高級リゾートでバカンスなんて…やだ、はぁとったら、ドキドキしちゃう,ウザがられても、おしきっちゃえ☆人生の先輩から、アドバイスだぞ☆,愛海ちゃんったらもー…。登山はダメだけど、大サービスで…ぎゅっ☆,ハートのグラサン、よく似合ってるぞ☆選んだはぁと、さっすがぁ☆,やっぱ、水かけっこでもしちゃう？やぁん☆きゃはっ☆らめぇっ☆,これ、プロデューサーが頑張ったんだろうなぁ…労わってやんないと,なんてゆーか…いまのはぁと、全盛期ってカンジ！そう、人生の！,ちょ～うゴージャスなLIVE☆始めちゃうぞ☆,Just enjoy it☆,ゴージャスウィーティー…☆,心、解き放っちゃえ☆,ふぅ～アッツ～☆つまり、最高ってコト☆,んぅ～～♪アイドル超楽しい☆,いまのはぁとは、バカンス気分♪ルームだけど☆気分だからいいの☆,ああいうリゾートって、ハネムーンに人気なんだよな。友だちが言ってた,気を遣うのは大人のお仕事だもんな☆はぁとったら、デキるオ・ン・ナ♪,唯ちゃんのパワー、すごいわ。若さって感じ。はぁとも負けてらんない☆,また連れてってね、プロデューサー。今度はふたりででも…いいよ？,写真、飾ってる？楽しむためのお守りなんだから、ちゃんと飾れ☆,はぁとはウザかわじゃなくて、げ・き・か・わ♪はい、言ってみて？,いろいろあって、加蓮ちゃんとママ友になりました…え、どういうこと？,はぁとたちって、もしかしてセレブ？ルームももっと豪華にしちゃう？,響子ちゃん、しっかりしてるよね。はぁとがあのぐらいの頃は…秘密☆,なに？あーんしてほしいの？んもう…ト・ク・ベ・ツだぞっ♪,はぁとサングラス、プロデューサーにもオススメ☆掛けてみ？ほら☆,りあむちゃんじゃないけどさー、はぁとたちって、いま、乗っちゃってんじゃない？なにって……決まってんじゃん！ビッグウェーブ☆,"楽しくアイドルやれちゃって、こーんなバカンスもできちゃってさ、なんか、最近のはぁとたち、絶好調って感じ☆
ちょっと、夢みたいな毎日だなぁって思っちゃったり。ここまで来れたのは……そう、はぁとたち自身の努力のおかげ☆……って、オイ☆それはそうだけど、違うだろ☆
なーに他人事みたいな顔してんだよ☆はぁとたちがいま絶好調なのは、プロデューサーのおかげなんだから！もっと自慢しろよな☆","はい、あーん♪ったくもぉ〜、りあむちゃんってば、甘えん坊なんだから♪そのぶん、いっぱい夏を楽しむんだぞ☆
って感じで、昼間はりあむちゃんのお世話してたわけ。ま、最終的には楽しんでくれたみたいで、よかったよかった。ほぉら、健気な世話焼きはぁとだぞ☆褒めて労われ☆
プロデューサーもな☆こんなにゴージャスなリゾートで一日過ごせて、はぁとたち、超楽しかった♪だから、お疲れさま☆
リゾートってさー、みんな笑顔なのが良いよね。だって、楽しそうにしてる人を見ると、楽しくなるでしょ？楽しそうなりあむちゃんを見てたら、はぁとも楽しかったし。
だからきっと、はぁとたちのステージがあんなにキラキラして、みんなを楽しませてるのは……はぁとたちが、こんな風に楽しくアイドルやれてるおかげ、なんだよね☆
やあん♪いまのはぁとたちって、お空のてっぺんでキラキラ輝く、真夏の太陽みたい！目が眩んじゃう？大丈夫だからちゃんと見ろ☆
ノリノリで、アゲアゲなはぁとたちの笑顔で、みんなの心を、アツく盛り上げちゃう☆だからみんなも、Just enjoy it☆",SR,60,パッション,37,35,5053,2494,3269,1623,2688,1335,トリコロール・アビリティ,3タイプ全てのアイドル編成時、全員の特技発動確率40%アップ,ゴーゴー・ゴージャス☆,スキルブースト,7秒毎、高確率でわずかな間、他アイドルの特技効果を中アップ,Go Just Go!（イベント）,[Go Just Go！]佐藤心+,,,,,,,,,,,,,,,,,,
[Go Just Go！]佐藤心+,2020.08.31,みんなー、盛り上がってるーっ？嫌なことも、めんどうなことも、はぁとたちがぜーんぶ忘れさせてあげるから！はぁとたちと一緒に、歌って騒いで、楽しんでよね☆,ファンのみんなの、楽しそうな顔！ん〜っ、スウィーティー☆,そーれ、水パッシャーン☆いまのはぁとたち、超キマってるっしょ☆,はぁとたちの夏は、まだまだ終わらないっ！もっとアツくなってくぞ☆,やるときゃやるよね、志希ちゃんって。はぁと、そういうのけっこう好き,ほらほらぁ、はぁとのぼんっきゅっぼんっにクギづけだろ☆もっと見ろ☆,プロデューサーも！たまには仕事なんて忘れて、盛り上がっちゃえよ☆,やあん☆はぁとのセクシーな水着衣装に、みんなメロメロじゃーん☆,アニバーサリーだもん！ハメを外して、アゲアゲでいっちゃうぞ☆,瑞樹さんは、マジリスペクト。でも、だからこそ、負けてらんない！,佐藤コール、聞こえてるんだけど☆その辺の客席、覚えてろよ☆,はぁとはしゃいで、遊んじゃお☆しゅがーたっぷり、元気になぁれ☆,はぁとと過ごすとびっきりの夏、プロデューサーに降り注いじゃえ！,ちょ～うゴージャスなLIVE☆始めちゃうぞ☆,Just enjoy it☆,ゴージャスウィーティー…☆,心、解き放っちゃえ☆,ふぅ～アッツ～☆つまり、最高ってコト☆,んぅ～～♪アイドル超楽しい☆,アイドルのビッグウェーブ、一緒に乗っていこうな、プロデューサー！,茄子ちゃんには、ちょっと親近感。よく名前でいじられるとことか☆,瑞樹さんとの夏トーク、盛り上がったわ〜。ＵＶケアに、お肌の手入れに…,はぁとたち、いまがイチバンだけど、明日には明日がイチバンなんだぞ♪,アニバーサリー、おめでとう。プロデューサー、いつもお疲れさま☆,少なくとも、はぁとは…「やりたいこと」を、叶えてもらってるよ,ヘソだしだぞ☆このためにめちゃくちゃ頑張ったんだから☆褒めろ☆,はぁと、ぴちぴちだから☆めいっぱい遊んでも、疲れなんて残らないの☆,はぁとたちっていう太陽を…これからももっと、輝かせてよね！,ん？はぁとにお仕事？よっしゃ、テンションアゲアゲでいくぞ☆,お、プロデューサー！はぁとの活躍、ちゃんと見ててくれた？☆,もっともっと、みんなをメロメロにしちゃうからね☆覚悟しろよ☆,LIVE、大成功〜♪ほらほらプロデューサー、真夏の太陽、シャイニングしゅがーはぁとのおかえりだぞ☆たくさん褒めて？それがはぁとたちが輝く、燃料なんだから☆,"はぁとたちが楽しそうにアイドルしてたら、プロデューサーも楽しいでしょ？も〜、照れるな照れるな、わかってるんだからぁ♪
でもね、それは、はぁとたちだって一緒なんだぞ☆プロデューサーが、楽しそうにはぁとたちをプロデュースしてくれてたら、それだけで楽しくアイドルできるんだから☆
はぁとも、プロデューサーも、お客さんも。みーんなが楽しくいられれば、それが一番ハッピーってこと☆真夏のバカンス、ずっとずぅーっと、続けような☆","はい、あーん♪ったくもぉ〜、りあむちゃんってば、甘えん坊なんだから♪そのぶん、いっぱい夏を楽しむんだぞ☆
って感じで、昼間はりあむちゃんのお世話してたわけ。ま、最終的には楽しんでくれたみたいで、よかったよかった。ほぉら、健気な世話焼きはぁとだぞ☆褒めて労われ☆
プロデューサーもな☆こんなにゴージャスなリゾートで一日過ごせて、はぁとたち、超楽しかった♪だから、お疲れさま☆
リゾートってさー、みんな笑顔なのが良いよね。だって、楽しそうにしてる人を見ると、楽しくなるでしょ？楽しそうなりあむちゃんを見てたら、はぁとも楽しかったし。
だからきっと、はぁとたちのステージがあんなにキラキラして、みんなを楽しませてるのは……はぁとたちが、こんな風に楽しくアイドルやれてるおかげ、なんだよね☆
やあん♪いまのはぁとたちって、お空のてっぺんでキラキラ輝く、真夏の太陽みたい！目が眩んじゃう？大丈夫だからちゃんと見ろ☆
ノリノリで、アゲアゲなはぁとたちの笑顔で、みんなの心を、アツく盛り上げちゃう☆だからみんなも、Just enjoy it☆",SR+,70,パッション,39,37,6169,3225,3989,2087,3280,1716,トリコロール・アビリティ,3タイプ全てのアイドル編成時、全員の特技発動確率40%アップ,ゴーゴー・ゴージャス☆,スキルブースト,7秒毎、高確率でわずかな間、他アイドルの特技効果を中アップ,Go Just Go!（イベント）,[Go Just Go！]佐藤心,,,,,,,,,,,,,,,,,,
[躍るFLAGSHIP]佐藤心,2021.03.19,あいつまで結婚式の招待状送りつけやがって☆めでたいわ☆式場乗り込んで、大熱唱という名のご祝儀送りつけてやりたいけど…いけっかな〜…。ま、まずはメール爆撃だな☆……はぁ,出席に、マル…っ！といきたいとこだけど…むぅ、悩むな〜これ…,佐藤はどう？って聞かれそー…はぁとはアイドルだし☆…言い慣れたなぁ,結婚…結婚ね、そりゃ憧れはあるけど…はぁとの一番は、アイドルだしな,あいつも大人になったなー…この写真いつのだっけ。…ウソ、６年前？,将来、かぁ…何十年先も、アイドル☆…はぁとも永遠の１７歳になるかー,いっそプロデューサーも式場連れてって…いやいや、さすがに…♪,チャペルの鐘は遠いなー。よっちゃんに先越されたりして…？まさかね,っと、寝る前のスキンケアは一番大事…憂いてる場合じゃないぞ、はぁと,誰かに恋したことなんてないしなぁ…そのドキドキ、ＬＩＶＥより上なのかな,ブーケキャッチと宴会芸だけは上達してくんだよな…次も披露すっか？,こんな顔プロデューサーに見せたら…おい佐藤、って肩ポンしてくれそー,焦ってばっかじゃ駄目だもんな。自分なりに考えなきゃ、これからのこと,それじゃ、はぁとの恋、始めっか…☆,はぁとは強いぞ…☆,シュガシュガラブ☆,溺れそうな…恋を,いっぱい愛してくれてありがとう,はぁとのラブ、受け取ってくれた？,恋するとカワイくなるって聞くけどさ、これ以上になったらヤバくない？,はぁとの青春時代は…そりゃもうモテモテよ☆主におばあちゃんから☆,カップル見てるとさ、羨ましいとかじゃなくて…なんか和むんだよな,演技は確かに得意なのかもなぁ。アイドルだってイメトレしてたんだし☆,恋愛ってムズいね、プロデューサー。練習すっか☆コントじゃねーよ☆,はぁとがいつか結婚式の招待状渡したら、泣く？…へへ、冗談だっての☆,はぁとだって悩むっつーの。これでも結構、オトナなんだぞ☆,え、マッサージしてくれんの？助かるわー、腰とか背中が…ってオイ☆,そんなにおさわりしたららめぇ☆んもう、はぁとはどこにもいかないぞ☆,ちょっと眠くなってきちゃった…はぁとに膝枕してくれる人ぼしゅー☆,ほんとに悩んだら相談するって。なんだかんだ、信頼してっからさ☆,しゅがーはぁとは部屋着だってカワイく♪ドキっとしていいぞ☆しろよ☆,ん、あーっと……アンニュイなはぁとも魅力的☆だろ☆……ほんとはこんな顔、誰にも見られたくないんだけどね。でも……プロデューサーにだけなら、いっか。,"恋愛のゴールは結婚なのかなぁ？そりゃ四六時中考えてる相手と、四六時中過ごせたら幸せだもん。それでも痴情のもつれとかあるから、わっかんないけど☆
……わかんないんだよねぇ、恋愛。距離あるっつーか……。みんなが最高って思ってる瞬間全部、はぁとはアイドルで体験しちゃってるからさ。
これ以上のことがあるのか、想像もつかないかなー……。今が一番幸せ☆って感じ？憧れに届いて、夢みたいな毎日で、それに、プロデューサーもいるし……なんてな☆","ふぅ……おめでたいけど、現実突きつけられる感じ。いつかははぁとも、結婚や恋愛……するのかなぁ。誰かと一緒になるのは、幸せ……。はぁとの幸せ、かぁ……。
今日も一日、おっつスウィーティー☆プロデューサー、もしかして家まで送ってくれんの？サンキュ☆じゃあさ、ちょっとはぁとのひとりごと……聞いて？
……しゅがーはぁとっていうのはね、佐藤心の憧れでもあるの。アイドルに憧れたころに爆誕した存在だから、そりゃもうカワイくって、キレイで、キラキラしてて。
いつだって明るくて笑顔の、眩しいアイドルでいてほしい。いじりもネタもノリノリで、笑い飛ばして、みんなに元気をあげるパッションを持ってて、それで……。
いつだって、憧れのアイドルでいてほしいって思ってた。しゅがーはぁとに、恋してたんだ。それで……この恋をカッコいいって言ってもらえて、嬉しかった。
佐藤心は、しゅがーはぁとっていうアイドルに恋をしてて、はぁとは、毎日に恋をしてる。プロデューサーも、仲間も、ファンも、みんな大好き！って。
これが、はぁとの恋模様。恋をして、恋をされて、はぁとは幸せいっぱいに過ごしてるよ。だからみんなも……進んでいこうよ、勇敢にさ。",SR,60,パッション,37,35,2695,1334,5061,2496,3254,1621,トリコロール・ステップ,3タイプ全てのアイドル編成時、全員のダンスアピール値80%アップ,ココロ揺らす恋,フリックアクト,11秒毎、高確率でかなりの間、PERFECTのスコア8%アップ、フリックアイコンなら32%アップ,躍るFLAGSHIP（イベント）,[躍るFLAGSHIP]佐藤心+,,,,,,,,,,,,,,,,,,
[躍るFLAGSHIP]佐藤心+,2021.03.19,見つけたよ、はぁとの恋心。いっぱい想いを乗せて、みんなに届けるから。恋の形はひとつじゃないってこと。どんな恋もキラキラ眩しくて、ドキドキが止まんないってことを…,『私ね…君に、恋をしてるんだ』。これで全人類イチコロっしょ☆な☆,この恋心は、ずーっと昔から続いてるもの。だからとびきりでっかいぞ☆,歌声？…加蓮ちゃん、ＭＶ撮りでも口パクじゃないんだ。じゃ、はぁとも☆,演じる、っていうより…ありのままって感じ。これが、はぁとの恋だもん,アイドルに恋してるんだから、プロデューサーがいるこの日々にも…ね,幸せの形は人の数だけあるよね。プロデューサーのは、どんなだろ,今、手に触れたら…熱いかも。胸のドキドキ、止まんないから,はぁとの恋心、伝わってる？届いてる？うふっ♪みんなにも、届くように,ほら、目…逸らさないで。一番キレイな表情、見ててほしいの,今は、おふざけナシ。この恋に向き合うの、超真剣だからさ。マジで,別人みたい？そうかもね。真っ直ぐ恋する、一途な乙女の…佐藤心だから,風で乱れた髪、直してくれるのは…プロデューサーがいいな,それじゃ、はぁとの恋、始めっか…☆,はぁとは強いぞ…☆,シュガシュガラブ☆,溺れそうな…恋を,いっぱい愛してくれてありがとう,はぁとのラブ、受け取ってくれた？,ＭＶの中だけじゃなくて、今のはぁとも恋してんの。はぁとの毎日に☆,カワイさとカッコよさが溶けあった感じの衣装…似合ってるっしょ？,お砂糖の味はひとつだけじゃないからね☆どんなオーダーでも任せとけ☆,幸せな気持ち表現しなきゃな、物理的に☆ってわけで、ドーンといくそ♪,プロデューサーも幸せ？なら、はぁとはもーっと幸せだよ♪,プロデューサーに佐藤って呼ばれるのは、逆になんか特別感あんだよな…,今のはぁと、エレガントすぎかもぉ☆ちょっとはたじろげよ☆ほらほら☆,カワイイもカッコいいも、もっと言って☆いっぱい言って☆言えよ☆,はぁとはどんな人も大好きぃ☆はぁとを愛してくれる人はもっと好きぃ☆,んもうっ☆そんなにはぁとに夢中？…え、マジ？ふ、ふーん…そぉ…,はぁとのダサいだけって思ってたとこ、カッコいいんだね。そっかぁ…,賞味期限はないから、夢見ててもいいよね。ずっと…アイドルでいさせて,自分の気持ちに気づいてから、心がめっちゃドキドキすんの☆恋を自覚するときってのも、こんななんでしょ？じゃあ、やっぱ立派に恋なんだなーって……なんか、嬉しい♪,"「あなたの幸せが私の幸せ」、みたいな言葉ってあるじゃん？ああいうのって、前提条件を押し付けちゃ、ただのエゴだなーってちょい意地悪いこと思っちゃうんだけど……。
それに比べてプロデューサーは、第一にはぁたちの幸せを考えてくれてんだなーって、改めて思ったワケ☆これがいいとか、こうしろとか、そういうことしないでさ。
はぁとははぁとの思う道を歩けって背中押してくれる。いっつも、ほんとに、ずっと……はぁとのこと、否定せずに。やっぱプロデューサーの隣でアイドルやれるのが、一番幸せかも☆","ふぅ……おめでたいけど、現実突きつけられる感じ。いつかははぁとも、結婚や恋愛……するのかなぁ。誰かと一緒になるのは、幸せ……。はぁとの幸せ、かぁ……。
今日も一日、おっつスウィーティー☆プロデューサー、もしかして家まで送ってくれんの？サンキュ☆じゃあさ、ちょっとはぁとのひとりごと……聞いて？
……しゅがーはぁとっていうのはね、佐藤心の憧れでもあるの。アイドルに憧れたころに爆誕した存在だから、そりゃもうカワイくって、キレイで、キラキラしてて。
いつだって明るくて笑顔の、眩しいアイドルでいてほしい。いじりもネタもノリノリで、笑い飛ばして、みんなに元気をあげるパッションを持ってて、それで……。
いつだって、憧れのアイドルでいてほしいって思ってた。しゅがーはぁとに、恋してたんだ。それで……この恋をカッコいいって言ってもらえて、嬉しかった。
佐藤心は、しゅがーはぁとっていうアイドルに恋をしてて、はぁとは、毎日に恋をしてる。プロデューサーも、仲間も、ファンも、みんな大好き！って。
これが、はぁとの恋模様。恋をして、恋をされて、はぁとは幸せいっぱいに過ごしてるよ。だからみんなも……進んでいこうよ、勇敢にさ。",SR+,70,パッション,39,37,3290,1720,6178,3230,3970,2077,トリコロール・ステップ,3タイプ全てのアイドル編成時、全員のダンスアピール値80%アップ,ココロ揺らす恋,フリックアクト,11秒毎、高確率でかなりの間、PERFECTのスコア8%アップ、フリックアイコンなら32%アップ,躍るFLAGSHIP（イベント）,[躍るFLAGSHIP]佐藤心,,,,,,,,,,,,,,,,,,
[はぁとふるsweeteen⭐︎]佐藤心,2021.04.04,シュガシュガ☆ギャルズｉｎ渋谷〜☆やっぱスウィーティーな放課後といったら、ここだよねー♪んもう、プロデューサーってば、渋い顔しちゃらめぇ☆あ、渋谷だけにって？うっさい☆,渋いより甘いほうがスウィーティー☆はぁとがいる間は、甘谷に改名ね♪,そうそう、乃々ちゃんスウィーティー☆苦手意識には練乳トッピングね♪,はじめて来たときは感動したなぁ〜。ザ・大都会で☆今じゃ庭だけど♪,周りに溶け込むのもいいけど、目立ったほうがはぁと的にはおいしいの☆,なんやかんや言うクセに、写真ばっか撮るんだから♪そういうとこだぞ☆,遅い時間になっても大丈夫☆そこに保護者もいるし♪はぁとも？ん〜？,この制服？はぁとがガチＪＫのときに着てたヤツ♪オフだし。なんか言え☆,おっと、愛海ちゃん？その手はら〜め♪渋谷は谷だぞ☆お山じゃないぞ☆,街はどんどん変わってるんだもん。ギャルポーズも変化しなきゃでしょ♪,歩くのって有酸素運動じゃん？だから食べ歩きはセーフなの♪ＪＫ理論☆,はぁとたちと制服デートとか、幸せ者すぎ☆ちゃーんと噛みしめろ〜？,はい、次はプロデューサーも一緒ね♪Ｐのピース見せちゃって☆Ｐ〜っす♪,はぁとのアイドル青春白書☆はっじまるよ～♪,まだまだいけるっしょ♪,ここの問題わっかる人～？,甘酸っぱ☆スウィーティー☆,ふぃ～お疲れ様♪ねっ一緒にかーえろ☆,我等友情永久不滅☆ありがと～う♪,渋いといえば渋柿☆干したらとってもスウィーティー♪はぁとは干すな☆,やぁん、ファンがはぁとのことＳＮＳに書いてるぅ♪…目撃情報？珍獣か☆,お外で聞いた音楽って、なんか頭に残っちゃうよね。宣伝効果アリアリ☆,いやー…さすがにさ。乃々ちゃんと親子に間違われるのはね。制服だぞ☆,ＪＫはお勉強するのがお仕事☆今日もアイドルのお勉強、頑張るぞぉー☆,制服はぁと、待ち受けにしてくれた？しろよ☆毎日フレッシュだぞ☆,この制服着るの久しぶり〜☆…あ、ちょっと前にテレビの企画で着たわ,勉強？語呂合わせ得意だった☆３１０年、お砂糖たくさんはぁとの改新☆,愛海ちゃんが着てたの、制服っぽい私服なんだって☆はぁとも買おっと♪,流行にはアンテナ張っとかないとね。はぁとにもあるでしょ？ここ、ここ,あの街で、おっきな広告になった自分を見たときさ。…ちょっと、きた♪,せーんせ☆あっ、間違っちゃった♪てへぺろ☆…うっす。気をつけます,せーのっ、スウィーティーっす☆ほらほらぁ、プロデューサーも♪やるのは一時の恥、やらないのは一生の恥だよぉ☆やぁん、はぁとってば物知り〜♪って一時の恥でもないっつの☆,"やっぱさ、時間ってあっという間なわけ。はぁとだって、まだまだ全然なんとかなるっしょ！……って余裕ぶっこいてたら、なんか26になっちゃってたし。
いや、そんなに簡単じゃないとは思ってたよ？でも……もしかしたら、もうちょっとやれたのかなーとかさ。今になって考えちゃうの。まぁ、後悔はしてないけどね☆
今のあぁとだから、こうしてアイドルになれたんだもん♪なったからには、一秒だって無駄にはしないって☆プロデューサーも無駄にはすんなよ☆ギリギリなんだかんな♪","みんなで一緒に〜？セーのっ、スウィーティーっす☆うふっ♪バッチリ撮れてるっしょ？はぁと一押しのアプリだもん☆カメラの機能もカワイイの内だかんな☆覚えとけ♪
うーん、遊んだ遊んだぁ☆ふたりもちゃーんと見送ったし……ここからはオトナの時間？やぁん、プロデューサーったらぁ♪おーい、あからさまに距離とるな〜？補導されんだろ☆JKだぞ☆
それにしてもし、思い出すなぁ。昔も……あ、まだ最近か。この間まで、制服のまんまで遊びまくってたんだよね。今日みたいに、友だちみんなとはしゃいでてさ。
すっごく楽しかったし、今でも思い出笑いとかしちゃうけど……みんな、なんかそれだけじゃなくて。微妙に焦ってたっていうのかな？そんな感じ。
目の前のことに夢中で、将来のことなんかわかんなくて、楽しさと不安がごちゃ混ぜの毎日を、それでも必死に過ごしてた。はぁとは、そう思ったの。
ま、はぁとはちっちゃいときから一直線だったけどね♪それでも、そういう風に思うくらいは試行錯誤してたの。……あはっ、青いこと言っちゃってんな☆
大切なものがなんなのか……今はわかんなくても大丈夫♪自分のハートをこねくり回す時間も必要なんだから☆とにかく今は、はぁとパイセンと盛り上がっていこうぜーっ☆",SSR,80,パッション,42,40,3854,1770,5992,2745,3146,1424,パッションチアー,パッションアイドルのみ編成時、全員のライフ40%アップ,よく遊びよくシュガれ☆,ライフスパークル,7秒毎、高確率でわずかな間、ライフ値が多いほどCOMBOボーナスアップ,[はぁとふるsweeteen⭐︎]佐藤心+,,,,,,,,,,,,,,,,,,,
[はぁとふるsweeteen⭐︎]佐藤心+,2021.04.04,おっまたせー♪みんなのアイドル、しゅがーはぁとだよ☆人生的にはちょびっとパイセンだけど、今日は同じクラスのタメだから☆スウィーティーな青春の1ページ、刻んでいこうぜー☆,やぁん、遅刻遅刻ー☆私、どこにでもいる普通のしゅがーはぁと16歳☆,さーて、はぁとの席はどこかな〜♪へー、職員室☆おーい、番組側〜？,学校のイベントといえば、黒板アート☆もう…はぁと大歓迎されてる〜♪,今になってＪＫ満喫できちゃうなんて…アイドルってなんでもありな♪,アイドルが学校にくるなんて、なかなかないぞ♪楽しまなくっていいの？,今日の日直はプロデューサーと、はぁと♪相合傘とか描いちゃう？,転校生といえば〜？質問攻め☆根掘り葉掘り聞いちゃって♪体重以外☆,みんなのハート、クオリティたかっ☆さては練習してたな？カワイイそ♪,えっ、グラウンドにネコが？親子で？ヤバ、はぁとより目立つかも…！,あれ？そこの子、前に握手会来てくれたよね♪も、もう…泣かないのっ,期待しててね、プロデューサー。授業参観はいいとこ見せるもんでしょ♪,いっけね、教科書忘れちゃった☆誰か見して〜？そこのプロデューサー？,はぁとのアイドル青春白書☆はっじまるよ～♪,まだまだいけるっしょ♪,ここの問題わっかる人～？,甘酸っぱ☆スウィーティー☆,ふぃ～お疲れ様♪ねっ一緒にかーえろ☆,我等友情永久不滅☆ありがと～う♪,教室っていったら引き戸だよね♪ガラガラガラ…んで、黒板消しどーん♪,服装検査、常連だったな〜。『膝上１５センチの佐藤』って呼ばれたっけ,んー、こっちに戻ったって感じするわぁ。お店と駐車場のスケールで♪,言葉って変化していくものだよね。…古文の先生の気持ち、分かったかも,ずっとアイドル１年生じゃいられないもんね…。卒業もしないけど☆,プロデューサーの机にお手紙入れちゃおっと。…「お仕事待ってます♪」,みんな、都会のこと知りたがってたね。やっぱ生の声って大事だわ♪,ルーズソックスもまだまだ人気なんだぞ☆コスプレって感じで♪非日常☆,え、屋上に呼び出し？それって甘酸っぱいやつ？それとも酸っぱいやつ？,うんっ、お腹が冷えるから巻いてるのお☆っておい♪あったかいけど☆,プロデューサーがお仕事終わるの待っててあげる☆下駄箱んとこで♪,先輩と後輩、どっちがいい？それとも…プロデューサーくん？,はぁとの制服姿、もっと見たくなっちゃったんでしょ？んもう、隠さなくていいって♪そうじゃなかったら、こんな青春なお仕事、とってきてくれないっしょ☆,"はぁとから、若者に向けた言葉？んもぉー、はぁとだってまだまだ若者だぞ☆ってのはまぁ、置いておいて……。
んー、あんま偉そうに言えることはないかなー。だって、はぁとの生き方ははぁとのものだもん。無理してまで真似してほしくはないし。あ、でも……。
どんな道だっていいから、自分が納得できる道を探してほしいな。夢を諦めなかったのが、今のはぁとだから。それを憧れるって思ってもらえたら、はぁとは嬉しいぞ☆","みんなで一緒に〜？セーのっ、スウィーティーっす☆うふっ♪バッチリ撮れてるっしょ？はぁと一押しのアプリだもん☆カメラの機能もカワイイの内だかんな☆覚えとけ♪
うーん、遊んだ遊んだぁ☆ふたりもちゃーんと見送ったし……ここからはオトナの時間？やぁん、プロデューサーったらぁ♪おーい、あからさまに距離とるな〜？補導されんだろ☆JKだぞ☆
それにしてもし、思い出すなぁ。昔も……あ、まだ最近か。この間まで、制服のまんまで遊びまくってたんだよね。今日みたいに、友だちみんなとはしゃいでてさ。
すっごく楽しかったし、今でも思い出笑いとかしちゃうけど……みんな、なんかそれだけじゃなくて。微妙に焦ってたっていうのかな？そんな感じ。
目の前のことに夢中で、将来のことなんかわかんなくて、楽しさと不安がごちゃ混ぜの毎日を、それでも必死に過ごしてた。はぁとは、そう思ったの。
ま、はぁとはちっちゃいときから一直線だったけどね♪それでも、そういう風に思うくらいは試行錯誤してたの。……あはっ、青いこと言っちゃってんな☆
大切なものがなんなのか……今はわかんなくても大丈夫♪自分のハートをこねくり回す時間も必要なんだから☆とにかく今は、はぁとパイセンと盛り上がっていこうぜーっ☆",SSR+,90,パッション,44,42,4646,2313,7224,3596,3795,1888,パッションチアー,パッションアイドルのみ編成時、全員のライフ40%アップ,よく遊びよくシュガれ☆,ライフスパークル,7秒毎、高確率でわずかな間、ライフ値が多いほどCOMBOボーナスアップ,[はぁとふるsweeteen⭐︎]佐藤心,,,,,,,,,,,,,,,,,,,
[CoCo夏夏夏Holiday]佐藤心,2022.01.30,はぁ…こんなエモすぎな景色見たら、はぁとのハートも浄化されちゃう☆って元からぴゅあぴゅあハートだっての☆…にしたってホント、圧倒されるー！ふふっ、来て良かった♪,マジでなんもない！大自然だーっ！なんかパワーもらえてる気がする☆,びゅーてぃふぉー！こんぐらっちゅれーしょん！スウィーティー☆,朝焼けはぁと☆…今の撮れた？よし、シャッターチャンス逃さないでね☆,操縦できたら楽しいだろうな〜。はぁとが飛行機でお出迎え☆…よくね？,この景色、プロデューサーにも見せてやりたいな☆自分でも撮るかっ♪,楽しむことなら任せて♪はぁと成分の7割はハッピーだし☆ザ・自然体☆,早起きしたけど眠気吹っ飛んだわ。肌ツヤも心なしか良くね？つるすべ☆,朝はさすがにちょっと冷えるなー。え？クーラー？なるなる、そゆこと☆,こんなに赤く見えるもんなんだね。やっぱいろいろ実際に見ていかなきゃ,スケールデカすぎるもの見て、今は細かいことも悩みも忘れちゃおっ☆,ねえねえ、プロデューサー！…あっ、いないんだった。…てへ☆,最高の一日の始まりっ☆はぁと史に刻まれる1ページ、作るぞ〜！,はぁとが真夏の太陽になってア・ゲ・ル☆,アーイムハッピー☆,遠くの人も～？,ワールドオブスウィーティー☆,楽しい時間はずーっと終わんないよ,アッツ～イ夏、満喫しちゃった☆,愛梨ちゃんにスウィーティー判定もらったら、実質最強スウィーティー？,海外ってだけでワクワクしちゃう！知らない世界に飛び込んじゃおっ！,鈴帆ちゃんの着ぐるみ愛…強いな。はぁとも新しい衣装…作っちゃうか☆,船になるなんて体験、なかなかないよね。…言葉にすると意味不明だな？,嬉しかったよ、はぁとたちのこといっぱい考えてくれたの。…ありがと♪,お互い報告し合えるのって良いね。ベストパートナーっぽい？なんてな☆,もう夏物出すことになるなんてね。ー足先に新しいの作っちゃおっかな☆,あぁん☆焼けてないって☆日焼け止め塗りまくったし…え？まさかぁ…,ヤバ、写真思った以上に撮ってたわ。秘蔵シリーズ、一緒に見よっか♪,ん〜♪お土産のチョコ、あつまーい☆無限に食べられる…ん？カロリー？,よしよ〜し、いっぱい構ってやるからな☆甘さマシマシのはぁとだぞ☆,どんだけ離れたところに行っても、帰る場所はここって決めてるよ,知らない景色って、まだまだいっぱい広がってるんだろうな。楽しみまくりながら見られるの、めっちゃ贅沢じゃね？やっぱアイドル、最高すぎ☆一生やめらんないーい♪,"オンオフ関係なしに楽しめるのも、大好きなことだからかな？アイドルのお仕事ならなんでも大歓迎だしね☆すっごい遠くだって、びゅーンって行っちゃうもん♪
地球の裏側だって、月だって。はぁとはどこでも輝ける！プロデューサーもそう思ってんだろ？このこの〜☆……ま、いつもの場所から離れるとすこーし恋しくなるけどさ。
ちょびっとだけな？ほんとにちょびっとだし！だからその分、帰ってきたら補給させてよっ♪そっちにも、はぁとチャージさせてあげる☆遠慮すんな☆","こっちが明け方ってことは……あっちはまだ微妙に暗いかな？それもなんか不思議だよねー、同じ地球にいるのに。すごいもの見て、いろいろ考えちゃうと、なんか浸っちゃう☆
あ、もしもしプロデューサー？なんとなく電話したくなってさ。仕事じゃなくて。暇してた？ならちょい付き合えよ☆はぁとたちの仲だろ☆
お仕事はマジですーっと楽しんでるよ☆企画とかはプロデューサーも目通してくれてたんでしょ？やっぱいい目持ってるよねー、はぁとたちにピッタリで♪
予想外のこととか、トラブルとかもあったけどさ。それも含めて全部最高の思い出になったの。って、もう終わったみたいに言っちゃった。これからこれから☆
……信じて任せてくれて、ありがとね。前はプロデューサーにけっこう頼っちゃってたけど、今は自分たちの足でちゃんと進んでいけてるよ。
はぁとたちの過去があって、今があるから、未来を描ける。どんなに遠くにいても大丈夫って、確信持てちゃうんだ。……ふふっ、これが一人前ってことなのかもね♪
宝石みたいにキラキラな時間、海の向こうのみんなにもお届けっ！最高を最高で塗り替えたら、マジハッピーっしょ☆おうちに帰る時のお土産にしていいよ☆つか、させる☆",SR,60,パッション,37,35,2684,1329,3265,1617,5061,2506,パッションメイク,パッションアイドルのビジュアルアピール値60%アップ,はっちゃけサマータイム,コーディネイト,7秒毎、高確率でわずかな間、PERFECTのスコア8%アップ、COMBOボーナス12%アップ,CoCo夏夏夏Holiday（イベント）,[CoCo夏夏夏Holiday]佐藤心+,,,,,,,,,,,,,,,,,,
[CoCo夏夏夏Holiday]佐藤心+,2022.01.30,オーストラリアのみんなー！日本からしゅがーはぁとたちが飛んできてやったぞー！喜べ☆忘れらんないくらいアツくしてあげるから、見逃し厳禁♪うぃーあー、スウィーティー☆,もっと声出せーっ！言語なんて気にしない！アガればオッケー♪,オーストラリアーっ！…いい返事っ♪真冬の雪も解かせちゃいそうっ☆,同じハート持ってたら無敵っしょ♪しゅがーはぁとのお墨付きってな☆,しゅがは式イングリッシュは万国共通☆ほらほら一緒にスウィーティー☆,綺麗な夜空っ！あっちは夕方くらいかな？遠いけど近いなー、日本っ！,キメキメ☆プロデューサーの予想以上を、ここに刻み付けてやるっ♪,愛梨ちゃん、いー顔してる♪汗かいて、はっちゃけて…最高の笑顔っ☆,はぁとの柔肌、じっくり目に焼き付けていいよ♪びゅーてぃー？んもう☆,もうすっかり、みーんなファンだな☆日本にも来てねっ♪歓迎するぞ☆,物販でCD買ってってねー！ひとり1枚、いや2枚！布教よろしくっ☆,同じ空の下にいるってさ、ずっと一緒にいるみたい！感じるもん☆,帰ってもこの景色、絶対忘れらんないよ！今、最高に幸せ溜まってる♪,はぁとが真夏の太陽になってア・ゲ・ル☆,アーイムハッピー☆,遠くの人も～？,ワールドオブスウィーティー☆,楽しい時間はずーっと終わんないよ,アッツ～イ夏、満喫しちゃった☆,一足早い夏休みって感じ。最高のバカンス♪って、お仕事だったわ☆,やっぱ歌とダンスってすごいわ。心で感じて通じ合えるみたいな？最強☆,ちょびっと英語覚えたし☆Cutie♪やぁん、はぁとのこと☆…引くな☆,オーストラリアじゃ「シュガー」って呼ばれたなー。甘さ際立つってか☆,信じるって、甘えじゃないよ。むしろ結構重くてさ。だから頑張れるの,離れてる時のほうが、考える時間長いって言うよねー。…誰かさんの話☆,ん、このアクセ？そそ、はぁとたちで選んだの☆素敵な提案があってね♪,鈴帆ちゃんと、また何か作ろって約束したの♪しゅがは着ぐるみ…とか？,少し寒さに慣れた気がするんだよね。…愛梨ちゃんと一緒だったからかな,ＬＩＶＥ映像付きのＣＭめっちゃ良いね☆こりゃ旅行者増えまくっちゃうわー,ほら、プロデューサーも手出して！ハイタッチ♪うふっ☆,はぁとのアレコレ任せられるし、任せてもらってるし…やっぱ特別だな☆,場所なんて関係なしに、身も心もアッツアツ♪はぁ、終わっちゃうのやだなぁ……。んーん、まだまだこっからだしっ☆最後までアゲアゲでゴーっ！,"はぁ、ふう……あー、LIVE……終わっちゃったかぁ。いつもの寂しい感じは、やっぱ絶対来るよね。はじまりがあって終わりがあるのは、全部に言えることだし。
でも、ひとつのお仕事が終わったら次のお仕事に向かっていける。遠い場所から帰ってきても、新しい場所にまた行ける……。ずっとずっとそうやって、楽しさは続いていくんだよね。
ふふっ♪次はどんなことしよっか、プロデューサー！はぁとはやりたいこといっぱいあるし、難しそうな案件でも、とりあえずはぁとに言ってよね☆絶対だぞ☆","こっちが明け方ってことは……あっちはまだ微妙に暗いかな？それもなんか不思議だよねー、同じ地球にいるのに。すごいもの見て、いろいろ考えちゃうと、なんか浸っちゃう☆
あ、もしもしプロデューサー？なんとなく電話したくなってさ。仕事じゃなくて。暇してた？ならちょい付き合えよ☆はぁとたちの仲だろ☆
お仕事はマジですーっと楽しんでるよ☆企画とかはプロデューサーも目通してくれてたんでしょ？やっぱいい目持ってるよねー、はぁとたちにピッタリで♪
予想外のこととか、トラブルとかもあったけどさ。それも含めて全部最高の思い出になったの。って、もう終わったみたいに言っちゃった。これからこれから☆
……信じて任せてくれて、ありがとね。前はプロデューサーにけっこう頼っちゃってたけど、今は自分たちの足でちゃんと進んでいけてるよ。
はぁとたちの過去があって、今があるから、未来を描ける。どんなに遠くにいても大丈夫って、確信持てちゃうんだ。……ふふっ、これが一人前ってことなのかもね♪
宝石みたいにキラキラな時間、海の向こうのみんなにもお届けっ！最高を最高で塗り替えたら、マジハッピーっしょ☆おうちに帰る時のお土産にしていいよ☆つか、させる☆",SR+,70,パッション,39,37,3276,1713,3985,2084,6177,3230,パッションメイク,パッションアイドルのビジュアルアピール値60%アップ,はっちゃけサマータイム,コーディネイト,7秒毎、高確率でわずかな間、PERFECTのスコア8%アップ、COMBOボーナス12%アップ,CoCo夏夏夏Holiday（イベント）,[CoCo夏夏夏Holiday]佐藤心,,,,,,,,,,,,,,,,,,
[恋するスウィーティーサマー]佐藤心,2022.07.04,あぁん、はぁと歩き疲れちゃったぁ〜。さすさすさすぅ〜…ちらりん☆っておい、目を逸らすな。はぁとの生足が出てんだぞ？ここはありがたく拝んどくとこだろ、プロデューサー☆,歩き疲れても帰るのはまだダメ☆花火見るの、楽しみにしてるんだから,浴衣美人を前によそ見すんな♪おーい、ここだぞ？目の前にいんだろ☆,あ〜…もうね、ぱんっぱんなんだわ。脚もけど、お腹もな…☆,アピールチャンスは逃さない。シュガッと視線もらっちゃうから♪,これじゃいつも通りのやり取りじゃんかよ☆…ま、それもいいんだけどさ,プロデューサーと一緒だから、ついついはしゃいじゃったの…ゆるちて☆,はぁとの浴衣姿、どぉ？言いたいことあるだろ？な？…え、あるよね？,暑〜い♪ちらりん…あ、もういいって？はぁとが良くないのっ☆,プロデューサー、もう歩けなぁ〜い…あっコラ、置いてこうとすんな☆,目立ってる？もうっ、はぁとがカワイイばっかりに…え、うるさいから？,プロデューサーも、ドキッとしろよ♪はぁとだけとか、ズルいだろ☆,プロデューサーの幸せ者♪はぁとの隣に座れる幸せ、噛みしめておけよな,この出会いを特別なものにしちゃお☆,ドキドキしていいよ,夏のせいにしちゃお,視線…感じてる♪,バカンス気分で浮かれスウィーティー☆,サヨウナラ…でもまた会えるって、信じてるからね,はぁとに見惚れちった？わかるわかる。はぁともいつも見惚れてる☆,よく食べてよく歩く…それがスウィーティーのヒ・ケ・ツ☆,よっこらしょー…あ、いっけね☆でもホント帯がキッツいの☆…ふうう,しゃなりしゃなり…うふっ、夏の和スウィーティー味わっていいぞ,こっちを見てる今がセクスィーチャンス☆…って、目を逸らすなよ☆,プロデューサーなら、いつでもはぁとの実家にウェルカムだぞ☆,この浴衣、はぁとがちくちく夜なべして作ったの♪カワイイっしょ☆,プロデューサーがウチに寄るとよっちちゃんも喜ぶんだよね。この人気者☆,長野、いい場所でしょ。なんたってしゆがーはぁとを育てた土地だからね,せっかく作ったんだし、この浴衣着てこっちのお祭りにも参加したぁい☆,やぁん、プロデューサーってば、ダ・イ・タ・ン☆…へ、帯乱れてた？,プロデューサーの浴衣も作ってあげよっか？もち、はぁととお揃いな☆,プロデューサー、はぁとに言うことあるっしょ？裾が乱れてる……って、それだけかよ☆足は見えてるんじゃなくて、見せてるんだっつーの☆言わせんな☆,"んもぉー……プロデューサーってば、に・ぶ・ち・ん☆ま、プロデューサーがわかっててやってるってことを、はぁともわかってるんだけどさ。
けど、ちょーっとだけはしゃぎすぎたから、休憩したかったのもホントだし。だってこれから、まだまだ楽しみたいじゃん？
まったく……こんなスウィーティーな浴衣美人と歩ける幸せ者、プロデューサーしかいないんだからな？おい、キョロキョロすんな☆はぁとはここにいるぞ☆","ねぇプロデューサー、はぁと、これ以上歩けなぁい♪はぁとのこと……運んでくれてもいいんだぞ？もち、お姫様だっこでな☆
ああ〜……楽しかった〜☆プロデューサーも楽しかった？うん、答えなくてもわかってる☆はぁと一緒に遊びまわって、楽しくないワケないし♪
それに、はぁとのスウィーティーな浴衣姿を見られて〜……セクスィーな美脚も見られて？そんな美味しい思いできるのは、この世界でプロデューサーだけなんだからな☆このこのっ☆
あっ、もしかして……今日のプロデューサーの思い出、はぁと一色になっちゃってるんじゃない？花火も霞むくらい輝いちゃって、ご・め・ん・ね♪
ま、ふたりで作った思い出は、はぁとが全部覚えてるから。だからプロデューサーは、安心してはぁとだけに惚れてればいいの♪
あの日、あのとき、あの夏のはぁとが、どれだけシュガシュガスウィートだったか……それだけを鮮明に覚えておけばOKってコト☆
今年の夏は、特別な夏になる……そんな予感がするの。……可憐な乙女役をはぁとに演じさせるなんてわかってる〜♪はぁと一緒に、とびっきりスウィーティーな夏……始めよ♪",SSR,80,パッション,42,40,6554,2996,6394,2921,49,24,パッションデュエット（ボイス＆ステップ）,パッションアイドルのみ編成時、パッション楽曲で全員のボーカル＆ダンスアピール値100%アップ,秘密のしゅがーモーション,ミューチャル,6秒毎、中確率でわずかな間、スコア20%ダウン、LIVE中に発動した最も高いCOMBOボーナス効果を極大アップして適用,[恋するスウィーティーサマー]佐藤心+,,,,,,,,,,,,,,,,,,,
[恋するスウィーティーサマー]佐藤心+,2022.07.04,ごきげんよう。あなた、この辺りは初めて？なら、私が案内してあげる。遠慮しないで。私も話し相手がほしかったところなの。…どう？どう？可憐な乙女役、はぁとにピッタリでしょ♪,あなたに話しかけたのは…気が合うかなって思ったの。予想通りだったな,ふふっ、この夏限定のおすましはぁとに…ハート、射抜かれてみる？,軽井沢はいいところだよね。涼しいし静かだし…新しい出会いもあるしね,恋しちゃったら、ごめんね？はぁとが魅力的すぎるのがイケナイの…♪,…あなたと出逢えてよかった。私、心からそう思っているわ,どう？プロデューサー？お嬢様はぁとにメロメロって感じ？うふっ♪,今まで過ごしてきたどの夏よりも楽しんでいるわ。…あなたのおかげでね,はぁとが、アナタの忘れられないオンナノコになって…あ・げ・る☆,あっ…。ありがとう、支えてくれて。ふふ、思ってたよりたくましいね,別荘って憧れる〜。セレブの象徴だし、作りすぎた服を保管できるし♪,私をもっと知ってほしいの。この時間が思い出になってしまう、その前に,はぁととプロデューサーも、運命的な出逢いだったよな♪うんって言え☆,この出会いを特別なものにしちゃお☆,ドキドキしていいよ,夏のせいにしちゃお,視線…感じてる♪,バカンス気分で浮かれスウィーティー☆,サヨウナラ…でもまた会えるって、信じてるからね,はぁとが本物のお嬢様だったら、やりたいこと多すぎて困っちゃうかも☆,ああ、はぁとふる別荘が恋しい…はぁともいつか、マイ別荘欲しいな☆,すれ違うと、みんなが振り返るの。なんて罪な美貌なのかしら…うふ☆,事務所も別荘といえば別荘みたいなもんかも…居心地がよすぎるんだわ,はぁとに見惚れちゃって☆今だけじゃなくて、ずーっと。ねっ♪,うふん♪お淑やかはぁとに、プロデューサーもイチコロでしょ…♪,みずみずしくて美味しそう♪そう、さくらんぼ柄がね…って、違うだろ☆,ごきげんよう♪あら、まだお嬢様成分が残ってたみたい。うふふ…♪,ちゃんと休憩するんだぞ☆…疲れてるのを見ると心配だからさ。マジで,優しくしてね♪はぁとお嬢様は、可憐な乙女なんだから。うふっ☆,はぁととバカンスいこうぜ☆最高に楽しい時間にしてあげるからさ♪,はぁとお嬢様の言うことは絶対だそ☆…いつもと変わらない？そうかも☆,ねぇ、プロデューサー。……ふふっ、呼んでみただけ。今日のはぁとはお上品だから、話しかけにくいかなって思って。だから、お話ししたいなら、今がチャンスだぞ☆,"うふん♪みーんな、はぁとに見惚れちゃってる？はぁとがカワイくてセクスィーなばっかりに……はぁとってば、罪なオンナノコ☆
一度はぁとを知ったら……アナタはもう、永遠にはぁとのト・リ・コ♪はぁとと目が合った瞬間、恋に落ちることは決まってんの♪
ひと夏と言わず、これからもずーっと♪はぁとのことだけ見つめて、はぁとのことだけ考えてろ☆……おい、呪いの言葉じゃねーよ☆お嬢様からのお・ね・が・い☆","ねぇプロデューサー、はぁと、これ以上歩けなぁい♪はぁとのこと……運んでくれてもいいんだぞ？もち、お姫様だっこでな☆
ああ〜……楽しかった〜☆プロデューサーも楽しかった？うん、答えなくてもわかってる☆はぁと一緒に遊びまわって、楽しくないワケないし♪
それに、はぁとのスウィーティーな浴衣姿を見られて〜……セクスィーな美脚も見られて？そんな美味しい思いできるのは、この世界でプロデューサーだけなんだからな☆このこのっ☆
あっ、もしかして……今日のプロデューサーの思い出、はぁと一色になっちゃってるんじゃない？花火も霞むくらい輝いちゃって、ご・め・ん・ね♪
ま、ふたりで作った思い出は、はぁとが全部覚えてるから。だからプロデューサーは、安心してはぁとだけに惚れてればいいの♪
あの日、あのとき、あの夏のはぁとが、どれだけシュガシュガスウィートだったか……それだけを鮮明に覚えておけばOKってコト☆
今年の夏は、特別な夏になる……そんな予感がするの。……可憐な乙女役をはぁとに演じさせるなんてわかってる〜♪はぁと一緒に、とびっきりスウィーティーな夏……始めよ♪",SSR+,90,パッション,44,42,7902,3933,7709,3837,60,30,パッションデュエット（ボイス＆ステップ）,パッションアイドルのみ編成時、パッション楽曲で全員のボーカル＆ダンスアピール値100%アップ,秘密のしゅがーモーション,ミューチャル,6秒毎、中確率でわずかな間、スコア20%ダウン、LIVE中に発動した最も高いCOMBOボーナス効果を極大アップして適用,[恋するスウィーティーサマー]佐藤心,,,,,,,,,,,,,,,,,,,
[ダンシング・デッド]佐藤心,2022.10.19,で、で…できたーーーっ☆はぁとたちの汗と涙の結晶、完・成…！はー…ほんと、ここまで長かったわ…！もう後片づけとかあとあと！そんなことより、今は目の前の達成感っしょ☆,これがハイになるってやつ？深夜テンション？お日様見えてっけど☆,やば、大声出したら怒られる！…でもでも、この感動は止められない☆,あー、日差しが眩しい…。今何時は…見るの怖いから、やめとこ☆,いやー、ほんとマジ頑張ったわ☆日付越えてからあんま記憶ないけど☆,やっぱ熱中できるっていいわー。疲れてても、なんか気分爽快っ☆,今のはぁと、人に見せらんない顔してるっ☆この3人の秘密だそっ☆,いぇいっ、イェーイ☆いやぁん、ハイタッチしすぎて手が痛い☆,やっぱ服作るのって楽しいわ。カワイく仕上がってくのを見るとアがる☆,きらりちゃん？おーい？目が虚ろだぞ☆…あはは、ゆっくりおやすみ,目のクマは後で消す☆大人の肌は、塗って埋め立ててナンボだぞ☆,プロデューサーにも早く見せんぞ！…でも、その前に寝とこっか,ついいろいろ喋った気もするけど、かえってよかったわ☆スッキリしたし,やなこと全部忘れて踊っちゃえ☆,退屈はバイバイ☆,気分変えてコーデ♪,お楽しみはここから…☆,次はどんなはぁとを見せよっかなぁ…♪,はぁとの可能性広がりまくり☆,はぁと、完全復活☆ぐっすり眠って、お肌の調子もＭＡＸスウィーティー☆,大人らしくとか、できそうにないわ。はぁとははぁとにしかなれないし,女子寮に泊まり込みとか、なんか学生みたいでテンション上がっちった☆,年取ると簡単に夜更かしできなくなるんだよなー。はぁ…現実って残酷…,はぁとのマジ顔は事務所許可取ってくださーい☆…今はまだ、ね,子どもっぽくて上等☆かっこつけたって大人になれるわけじゃないもん,作業してるとハイになってきてさー。…ヤバいのはいつも通り？おい☆,雫ちゃんの部屋、居心地よすぎ☆…いや、マジでめっちゃ安らぐんだって,深夜ってなんであんなオープンになれんだろ…やぁん、ちょっと照れる☆,ふたりの肌、マジもっちもちなんだわ…またツンツンさせてもーらおっ♪,今日の仕事、夜遅くまで？なら付き合おっか？愚痴くらいなら聞くからさ,はぁともかっこつけたくなるときはあるんだぞ☆複雑な乙女心ってやつ☆,はー……マジやり切った……！あはは、なんか不思議な気持ちだなー。スッキリして……悩んでたのも吹っ飛んじゃった☆,"おっかしいなー？これでもけっこう悩んでたのに。3人でひたすらちくちくやってたら、なんとかなるかーって思えてきた☆
やっぱさ、はぁとはクヨクヨしてんの似合わないわ。それよりふたりのパワーに乗っかってどーんと踏み出しちゃったほうが楽しいもん☆
……それがユニットなんだよね。年とか見え方なんて関係ない。はぁとたちは対等な仲間で、さらけ出していいんだからさ。","よっしゃ完成ーーーっ☆あとはこれをプロデューサーに持ってくだけ！なんだけど……まずは、寝るか。ぱたり。
ぐっもーにん、プロデューサー☆え？体調？バッチリに決まってんじゃん☆2日間寝まくったおかげで、身も心も生き返ったってカンジ☆
てかもーさー、最近マジ徹夜できなくなっててヤバいんだけど。昔はなんだかんだ根性でなんとかなったけど、寝てもすぐ回復しないとか……怖いわぁ……。
でも、あの夜は楽しかったなー……。ちょっと文化祭っぽいのもあるけど、なんか……気が抜けたっていうか。
ふたりといると、なんか落ち着いてさー。強がんなくていいのかもって思えるんだよね。素のはぁとがつい出ちゃうっていうか？
年上なのにどうなんだよ☆とかぶっちゃけ思うけど、はぁとははぁとで、それ以上でも以下でもないもん。好きにやるのが、やっぱ人間一番いいじゃん？
楽しいことを楽しむのに、建前とかどうでもいい☆だからみんなも、今日はブチあがってけ！このフロアは老若男女、誰でも大歓迎だぞーっ☆",SR,60,パッション,37,35,3257,1619,5063,2497,2693,1337,パッションプリンセス,パッションアイドルのみ編成時、全員の全アピール値35%アップ,生まれ変わる一着,パッションフォーカス,パッションアイドルのみ編成時、6秒毎、中確率でわずかな間、PERFECTのスコア14%アップ、COMBOボーナス11%アップ,ダンシング・デッド（イベント）,Fav+rica（ユニット）,[ダンシング・デッド]佐藤心+,,,,,,,,,,,,,,,,,
[ダンシング・デッド]佐藤心+,2022.10.19,華やかなショーのあとは、はぁとたちのLIVEの時間だぞ☆いつもよりクールに決めても、はしゃいでもオッケー！いろんなスタイルがあるんだもん、好きなように楽しんでこうぜ☆,みんなー！はぁとたちと一緒に、いつもと違う自分になっちゃお☆,いい？洋服に詳しくない子もこだわり派も、今日は好きに楽しむこと！,めんどくさいこと全部、会場の外に置いてけ☆はぁとたちが許す！,好きに着飾って、好きに楽しも！オシャレって思ってるより自由だから,はぁとははぁとにしかなれないもん。けど、それでいいだろっ☆,悩むより、まずは挑戦しろってね。単純なコト、思い出したってワケ☆,このＬＩＶＥは撮影オッケー♪はぁとたちのクールな姿、拡散よろしく☆,舞台から見ると、いろんな服の子がいるなー。どの子も楽しそうでＯＫ☆,パステルだけどクールに…いつもをちょっと外すだけで、世界変わるぞ♪,お、カメラ構えてる子発見☆ふたりとも、次は向こうにファンサな☆,痛いだけがはぁとじゃないんだぞ〜？痛いはぁとも、はぁとだけど♪,洋服を選ぶみたいに、『Fav+rica』とお気に入りの自分を増やしていこうぜ☆,やなこと全部忘れて踊っちゃえ☆,退屈はバイバイ☆,気分変えてコーデ♪,お楽しみはここから…☆,次はどんなはぁとを見せよっかなぁ…♪,はぁとの可能性広がりまくり☆,また3人で買い物行ってきちゃった☆どうやって着こなそっかなー？,メイク動画、意外と再生数回っててビビるわー。みんな悩むことは一緒か,牛さんグッズ、意外とカワイイの多いのな☆雫ちゃんに教えてあげよっと,きらりちゃんの作る服、色のセンスマジ良すぎ☆勉強させてもらおっと♪,似合う服も大事だけど、この服が着たい！て気持ちも大事にしたいよね,人生、楽しんだもの勝ちっていうか？崖っぷちも案外悪くないのかなって,ここもリフォームとかしない？生まれ変わった気分、感じようぜ☆,ＪＫからの悩み相談、わかるんだよなぁ〜。はぁとも人生さまよった側だし,次はどんな衣装にしようかなー？３人揃えば、アイデアもわんさか☆,やっぱさ、いろんな人がファッションを素直に楽しめたら一番だよね,ふたりともホントいい子でさー。はぁとの心、マジ浄化されたわ☆,今は心さんって呼んでも許すぞ☆…おーい？佐藤呼びはいつもだろ☆,LIVEもショーも、特別な時間でしょ？ならその間は、現実なんて忘れるのが一番☆楽しんでる自分、さらけ出してけー☆,"年がとか、見た目がとか、生きてるといろいろあるけどさ。そういうのって、LIVEのときは関係ないじゃん？だってここにいるみんな、楽しむために来てんだもん。
だ・か・ら☆遠慮なんてノンノン☆LIVEの時間ぐらいは全部忘れて、歌って、踊って、みんなで一緒に騒いじゃうっ☆
ファッションも自分も、「絶対」なんてないからさ。たまには自分の枷を外して、自由になること！これ、『Fav+rica』のドレスコードな☆","よっしゃ完成ーーーっ☆あとはこれをプロデューサーに持ってくだけ！なんだけど……まずは、寝るか。ぱたり。
ぐっもーにん、プロデューサー☆え？体調？バッチリに決まってんじゃん☆2日間寝まくったおかげで、身も心も生き返ったってカンジ☆
てかもーさー、最近マジ徹夜できなくなっててヤバいんだけど。昔はなんだかんだ根性でなんとかなったけど、寝てもすぐ回復しないとか……怖いわぁ……。
でも、あの夜は楽しかったなー……。ちょっと文化祭っぽいのもあるけど、なんか……気が抜けたっていうか。
ふたりといると、なんか落ち着いてさー。強がんなくていいのかもって思えるんだよね。素のはぁとがつい出ちゃうっていうか？
年上なのにどうなんだよ☆とかぶっちゃけ思うけど、はぁとははぁとで、それ以上でも以下でもないもん。好きにやるのが、やっぱ人間一番いいじゃん？
楽しいことを楽しむのに、建前とかどうでもいい☆だからみんなも、今日はブチあがってけ！このフロアは老若男女、誰でも大歓迎だぞーっ☆",SR+,70,パッション,39,37,3975,2079,6181,3232,3287,1719,パッションプリンセス,パッションアイドルのみ編成時、全員の全アピール値35%アップ,生まれ変わる一着,パッションフォーカス,パッションアイドルのみ編成時、6秒毎、中確率でわずかな間、PERFECTのスコア14%アップ、COMBOボーナス11%アップ,,Fav+rica（ユニット）,[ダンシング・デッド]佐藤心,,,,,,,,,,,,,,,,,
[愛されクイーン・はぁと]佐藤心,2023.07.16,ん、お疲れ。今日、色々言われたな。ま、100人に嫌われても、101人に好かれれば…なんて、はぁとはそんなに殊勝じゃない☆次は全員に言わせちゃる！しゅがーはぁとは最高だって！,どう見られるか気にして引っ込むくらいなら、突っ走るぞ、はぁとは☆,後がない人との仕事はちょっと…ってあるつーの！めっちゃ後ある！,もう崖っぷちじゃないっしょ。今は、長い階段登ってる途中…♪,アイドルってきびしー。必死になること、考えること、たくさんあるワケ,このスタンスがはぁとってわかってて、推してくれてさ…ありがとな☆,っはぁ、沁みるぅ！ドリンクっていうより、プロデューサーの愛情が♪,今日もふたりでよく頑張った☆根性見せるの、クセになってくるっしょ？,ちょい待ち。疲れすぎて脚に根生えちった。もう少しこのまま…な？,ほれほれ、もっと近くに来いよ☆これからの作戦会議、一緒にすんだろ？,おう、いつものしゅがはだぞ☆…意地くらい張らせろって、もう,おっ、お互いを労りあうハグ、しちゃう？…ってコラ、逃げんな☆,傷心はぁとはアナタに寄りかかり…って避けないの？マジか…照れる♪,も～っとメロメロにしてあ・げ・る☆,いつだって、マジなんで☆,はぁとはくじけな～い☆,はぁとのこと好きになれ～♪,おっつスウィーティー☆最高に可愛かったろ？,愛されて、はぁとますます可愛くなってくな…☆,いつメンが飲みにいこーってさ。やぁん、はぁとのハート、お見通しぃ☆,はぁとはオトナにも可愛い子にも、イタい子にもなれる。お得だろ？,いいデザイン思いついた☆はやく布買ってちくりんちくりんしたいぞ♪,これがはぁとなんで☆渋るえらーい人たちに、100万回繰り返しとこ☆,この前のお返しに、プロデューサーに差し入れすっか。可愛いはぁとを♪,お仕事行こっか、プロデューサー。開き直ったはぁとの強さ、見てろよ♪,そ、何を言われても、はぁとははぁとのこと、絶対嫌いになんないの,はぁとのお洋服、いいでしょ♪可愛くてせくすぃーで、目立ってナンボ☆,折れない心、可愛い衣装、最高はぁと！これ？次の営業の売り文句♪,はぁとの羽は心がエンジェルなあ・か・し。もごうとするの、き・ん・し,お、なになに？プロデューサーの話も聞かせてくれんの？聞かせろ☆,プロデューサーとじゃれ合ってると、元気出る☆マジな話だぞ♪,イタくても可愛いのがはぁと。そこは変えたくないんだよね。……プロデューサー、頷いてくれるんだ。ちゃんとわかってる？イタくても「可愛い」はぁとなんだぞ？,"プロデューサーとはぁとには、いろんな道があったよね。今の超絶可愛くてスウィーティーなはぁとじゃなくて、万人受けするオトナのアイドルとしてデビューすることもできた。でも、はぁとは年関係なく可愛いアイドルになりたかった。んで、そんなはぁとのマジのお願いに、プロデューサーがマジで応えてくれて、今のしゅがーはぁとがあるの。
だから、誰が何と言おうと、今のはぁとスタイルは譲らない！もし否定されたとしても、そんな声すらぶっ飛ばす！ふたりの拳……じゃなくて、スウィーティーパワーでな☆","おニューの手作りお洋服、反応イマイチだったなー。ハートとリボンいっぱいで、はちゃめちゃに可愛いのにさ。「もうオトナでしょ」って、今さら言われるとは思わんかった☆
ヘーキヘーキ、モヤモヤは栄養ドリンク一気で吹っ飛ばしたし！これ、良い子はマネしちゃダメなやつなー？……今残ってんのは、「オトナってなんだよ」って疑問だけ。
26歳なら年相応の服装で、年相応に淑やかに？26歳ってのが、自分を抑えなきゃいけない理由になんの？って。はぁとはむしろ、自分を誇らしく思う理由にしたいとこだけど♪
何歳になっても、スウィーティーを貫く乙女でアイドル☆そんなはぁとは、イタいヤツかもね。でもそれ以上に、そんなはぁとだからできることがあるって、信じてる！
たとえば……夢に向かって頑張ってもがいている人たちに、自分はまだいける、コイツに比べたら崖っぷちじゃないって思わせるとかな☆いやこれマジで。
はぁとはそんな人たちやプロデューサーに……過去の自分にも、胸を張れる自分でいたいわけ。はぁとの選択は間違ってない。いつだってスウィーティーだぞ☆って。
だから、選ぶドレスも、はぁとらしくなきゃら〜め♪そしてはぁとは、自信をもって鏡の前に立つの。オトナだけど可愛く、スウィーティーにね……♪いくぞオラ☆",SSR,80,パッション,42,40,12,5,5,3,510,232,シンデレラブレス,ゲストを含むユニット編成アイドル全員のセンター効果を発揮し、最も高い効果を適用,どこまでも甘い夢を,シンデレラマジック,12秒毎、中確率でしばらくの間、ユニット編成アイドル全員の特技効果を発動し、最も高い効果を適用,[愛されクイーン・はぁと]佐藤心+,,,,,,,,,,,,,,,,,,,
[愛されクイーン・はぁと]佐藤心+,2023.07.16,鏡よ鏡、世界で一番スウィーティーなのは、しゅがーはぁと♪尋ねなくてもわかってる。答えはいつだって自分で出すの。好きな服着て、好きなことしてるはぁとが、やっぱ最っっ高…☆,人生は甘くない？なら、スウィーティーなはぁとを見ればいいじゃない☆,アイドルのしゅがーはぁと、26歳の佐藤心…どっちも大切な自分でしょ,はぁとらしさを通すコツはね、一にスウィーティー、二にド根性☆,宣言すっそ☆はぁとはずっと、好きなことする好きな自分でいつづける！,プロデューサーは鏡役な？はぁと以外、映しちゃらめぇ☆わかった？,はぁともプロデューサーも、スウィーティーじゃん？笑顔にもなるわ♪,アイドルにもクイーンにも必要だからな？背中を押してくれる人がさ,はぁとの生足魅惑的い♪でもおさわりしたら…ぶ・れ・い・も・のだぞ☆,はぁとに恋してる？ううん、その反応は…はぁとを愛してる、だな☆,今だけは、プロデューサーも目を逸らせない、無視できない…だろ？,はぁと、王妃もイケる♪独り身なのにって？相手に立候補してもいいぞ☆,プロデューサーにはぁとアタック☆物理じゃなくて、可愛い笑顔で…♪,も～っとメロメロにしてあ・げ・る☆,いつだって、マジなんで☆,はぁとはくじけな～い☆,はぁとのこと好きになれ～♪,おっつスウィーティー☆最高に可愛かったろ？,愛されて、はぁとますます可愛くなってくな…☆,いつだって、今のはぁとが一番輝いてる♪年齢関係なく…な？,リボンとハートは盛ってけ盛ってけ☆その方が断然スウィーティー♪,はぁとの人生ははぁとが主役。好きなように、スウィーティーに輝くの♪,男ウケ？女ウケ？ノンノン☆はぁとははぁとにウケるドレスを着るし！,最高のドレスが着られるのは、ふたりで必死にもがいてきたからじゃん？,女王はぁとが、プロデューサーに命令！ずっと一緒にいろよ…きゃっ☆,鏡の前で、シュガシュガスウィート☆これ、はぁとの日課な♪,いやー、まさかクイーンになれるとは。年食つ…経験積んだだけある☆,今日からここは、はぁとの王国…スウィーティーキングダ〜ム♪らめぇ？,みんな、好きなことを頑張ってる…あっ、今のマジトーン、聞こえてた？,はぁと、みんなのそういう顔が見たくてステージに立ってんの！,これからも、はぁとについてきな？最高にスウィーティーな夢見せるから！,プロデューサーは、はぁとの魔法の鏡♪厳しい現実を教えてくれるときもあれば、昨日より可愛くなったねって笑いかけてくるときもある……ほら、笑いかけろ☆,"好きなことをやっててもさ、キツいときはキツいじゃん？いやいや、はぁとの存在がじゃなくて……体力とか、精神的に。でも好きなことは簡単に嫌いになれなくて……いやん、ジレンマ☆
そんなとき、アイドルになる前はずっと言い聞かせてたの。大丈夫だぞはぁと、今日も可愛いぞ、スウィーティーだぞって。だけど、今はもうひとりで言う必要はないんだよね。
ねぇ、言ってよプロデューサー。可愛い佐藤は、もっとずっと上を目指せるよって。それだけで、はぁとはどこまでもぶっ飛んでいけるんだぞ♪","おニューの手作りお洋服、反応イマイチだったなー。ハートとリボンいっぱいで、はちゃめちゃに可愛いのにさ。「もうオトナでしょ」って、今さら言われるとは思わんかった☆
ヘーキヘーキ、モヤモヤは栄養ドリンク一気で吹っ飛ばしたし！これ、良い子はマネしちゃダメなやつなー？……今残ってんのは、「オトナってなんだよ」って疑問だけ。
26歳なら年相応の服装で、年相応に淑やかに？26歳ってのが、自分を抑えなきゃいけない理由になんの？って。はぁとはむしろ、自分を誇らしく思う理由にしたいとこだけど♪
何歳になっても、スウィーティーを貫く乙女でアイドル☆そんなはぁとは、イタいヤツかもね。でもそれ以上に、そんなはぁとだからできることがあるって、信じてる！
たとえば……夢に向かって頑張ってもがいている人たちに、自分はまだいける、コイツに比べたら崖っぷちじゃないって思わせるとかな☆いやこれマジで。
はぁとはそんな人たちやプロデューサーに……過去の自分にも、胸を張れる自分でいたいわけ。はぁとの選択は間違ってない。いつだってスウィーティーだぞ☆って。
だから、選ぶドレスも、はぁとらしくなきゃら〜め♪そしてはぁとは、自信をもって鏡の前に立つの。オトナだけど可愛く、スウィーティーにね……♪いくぞオラ☆",SSR+,90,パッション,44,42,15,8,7,4,616,307,シンデレラブレス,ゲストを含むユニット編成アイドル全員のセンター効果を発揮し、最も高い効果を適用,どこまでも甘い夢を,シンデレラマジック,12秒毎、中確率でしばらくの間、ユニット編成アイドル全員の特技効果を発動し、最も高い効果を適用,[愛されクイーン・はぁと]佐藤心,,,,,,,,,,,,,,,,,,,
[ド根性⭐︎レポーター]佐藤心,2024.04.22,はぁ…はぁ…やってやらぁ…登ってやらぁ…崖…っ！小さな一歩でも…しゅがみんにとっては大きな一歩…！どんどん行くぞオラアッ！パイセンの体力も考えて、目指せ一時間踏破！,はぁとは頑張る自分が大好き☆そう言ったけど…崖登るか普通！？,アイドル界も崖も登りつめて…このまま行ってやらぁ！トップまで！,先はまだ長いとか、そんなのノンノン…はぁとたちは！今！必死！！,ハイになってきたわ…！今なら崖くらい、越えるどころか壊せそう☆,プロデューサーに、根性見せちゃう…はぁと、アピールチャンス…！,プロデューサー、応援よろ…ウサミン、ウサミン、シュガー、シュガー！,あ〜ん、余裕ないとはぁとのスウィーティー語録も出ないの…メンゴ☆,高すぎる目標に手を伸ばすことくらい…こちとら慣れてるっつーの！,ほんっとーにこの先に温泉があるんだよな？ドッキリオチはやめろよ☆,…………やべっ。アイドルらしからぬ顔してた……見つめちゃらーめっ☆,おーい、プロデューサーも登るんだぞ？はぁとたちは一心同体だもん☆,知ってるよ。プロデューサーなら、どこまでも引っ張り上げてくれるって,見せるぞ☆ふたりのド根性☆,なんとか…なれ☆,しゅがしゅが～み～ん☆,はぁとだってまだまだ若い☆,頑張った後ははぁとと一緒に癒されてけ…☆,なんやかんやあっても上手くいけばオールスウィーティー☆,崖っぷちに長いこといたから、崖登りもお手の物…ってんなわけあるか！,ルームの壁見て、ちょーっと登ってみようかなーとか…思ってない☆,いつものかけ声いくぞ！根性見せろ！しゅがしゅが〜？み〜ん☆,芸能界はきびちーの…はぁと、知ってたはずだったのに…油断したわ☆,崖っぷちから崖を登ったアイドルへ…これもプロデューサーの作戦か…？,頑張る佐藤は輝いてる…そう言ったプロデューサー…幻聴じゃないよな？,登山服も可愛いっしょ♪これなら汗だくでも、イエス、スウィーティー☆,ストレッチの大切さを知ったわ…疲労度が全然違うの。一緒にやる？,ぷるぷるぷるぷる…筋肉痛で、子犬のように震えるはぁと…可愛いだろ？,ぷはぁっ！崖登り後のエナドリ、効くわ♪プロデューサーもいっとく？,はぁとの手は力強くて頼りになる！パイセンのお墨付きなんで♪,ほらプロデューサー、頑張ったご褒美は？あぁん、焦らしちゃらめぇ☆,プロデューサーが好きなのは、無茶ぶり？それとも、無茶ぶりに応えて頑張るはぁと？はぁとの方だったらいいなぁって思ってたんだけど……もしかして、どっちも？,"キッツイけど、しゅがみんならできるって思って持ってきた仕事だろ？その想いに応える、とっても健気なはぁとたち……撮れ高ありそうだから持ってきただけとか言うな☆
ま、いいけど。撮れ高も、プロデューサーからの期待の証♪それ、応えるどころか超えてやっから！撮れ高も秘境温泉も、全部はぁとの物にする☆だから、ご褒美用意して待っとけ☆
プロデューサーが用意するご褒美は、よく効く湿布の準備と、とろけちゃうくらい甘〜い褒め言葉と、労う気持ちと……それからそれから……そっちも超特大級の期待超え、期待してる☆","あー……もう色々と吹っ切れてきたわ。今はこんなでも、登りきったらすっごく可愛いはぁとスマイル、見せてやっから！しっかりカメラ構えとけよ！違う、今じゃない☆
ぷっっっはぁ！冷えた麦茶うめー！文字通り山あり谷ありで、途中なんかスウィーティーキングダムの幻覚見えてきたけど、なんとか辿り着いたぞオラ☆
証明されちゃったなー。やっぱはぁとはキュートでセクシーで、パッションもあるアイドルだって！あれだけ必死の形相見せちゃったワケだし？もう怖いものなんてない☆
んー、たとえばね？ここの人たちって、みんなしゅがみんのことを知らないっぽいんだよね。だから、テレビのロケなんかって追い返される可能性もあったワケだけど……。
もう怯むようなはぁとたちじゃない☆腹くくってるもん。素敵なところをバッチリカメラで撮らしてもらうし、せっかくだから、み〜んなをしゅがみんのファンにして帰る♪
できるよ。絶対できる☆しゅがみんふたりならなんとかなる、そこにプロデューサーがいれば、はぁとたちはなんだってできる！誰もが夢中になる温泉ロケだってできちゃうの☆
崖を乗り越えた先にあったのは、まさにご褒美の絶景と露天風呂♪はぁとのセクシーでスウィーティーな入浴姿と一緒に、目の保養にしとけ。うっふん☆",SR,60,パッション,37,35,3754,1861,3927,1937,3769,1872,パッション・クロス・キュート,パッションとキュートのアイドル編成時、全員の全アピール値20%アップ、全員のライフ15%アップ,スウィーティーなアメとムチ,PERFECTサポート,18秒毎、中確率でかなりの間、GREAT/NICEをPERFECTにする,第1回　アイドルプロデュース（イベント）,[ド根性⭐︎レポーター]佐藤心+,,,,,,,,,,,,,,,,,,
[ド根性⭐︎レポーター]佐藤心+,2024.04.22,湯加減も見晴らしも最っ高！こんなスウィーティー温泉、絶対来るっきゃない☆よし、いいレポでーきた。ん？来るための道がない？大丈夫、さっきはぁとたちで切り開いてきたから☆,はぁとの貴重な温泉レポ、その目に焼きつけとけ？照れんなよ☆,カメラの電池、残しとかないとな♪夜にももう一回撮る予定だし,桜の花舞う露天風呂なんて、風流だよな〜。これ桜？…たぶん桜☆,パイセン的ウサミン星の方角って、どっち？たぶんあっち？なるほど…,ん〜っ、絶景☆プロデューサーも、はぁとメモリアルに焼きつけとけ♪,もうちょい堪能するよ。温泉もだし…楽しそうにしてるふたりもね♪,いやん、お茶の間にドキドキを届けちゃう♪ギャグシーンにはしないぞ☆,美人になれ〜…可愛くなれ〜…お湯塗りこんだら効きそうじゃね？,びっちびちのつやっつやだろ？…あ、カメラに寄れとは言ってない☆,登った崖を下りる？なぁにそれ？今は温泉がきもちーことだけ考えてる☆,プロデューサーも吸い寄せられるはぁとのたまご肌…いいじゃん♪,おっ、プロデューサーもやっちゃう？温泉でのキャッキャウフフ…☆,見せるぞ☆ふたりのド根性☆,なんとか…なれ☆,しゅがしゅが～み～ん☆,はぁとだってまだまだ若い☆,頑張った後ははぁとと一緒に癒されてけ…☆,なんやかんやあっても上手くいけばオールスウィーティー☆,温泉入った途端、パイセンとハモったんだよな。あ゛あ゛あ゛〜って,汗も水も、お湯も滴ってこそのいい女♪はぁとが身をもって証明したろ？,お風呂上がりには、マッサージチェアがほしいなぁ…おねだりしよっ♪,はぁとの効能。プロデューサーをめっちゃ癒す♪余計疲れるとか言うな☆,プロデューサーの効能。はぁとをお砂糖みたいに甘〜いアイドルにする☆,次のお仕事も、プロデューサーのご褒美も、すっごく期待してるぞ♪,髪おろしはぁともあり？でもこっちの方がうなじ見えるし？ちらりん☆,お風呂上がりのマッサージしてくれんの？あ〜ん、そこ、効くぅ〜☆,ビバスウィーティー☆そ、お風呂上がりの挨拶！自由に使っていいぞ☆,そうそう、お風呂から出たらやっぱこの一杯…っておでんじゃねぇわ☆,プロデューサーも、温泉入ってすべすべ…？確かめちゃる！つんつん☆,崖登って、温泉も入ったとか…はぁとたち3人は、唯一無二の仲だな♪,"お仕事の後のご褒美……プロデューサーってば、
飴と鞭の使い方、上手すぎ！こんなん……こんなんさ……
クセになるじゃん？クセになって、離れられなくなるじゃん♪","プロデューサーとのお仕事って、大変なことも頑張らなきゃいけないこともたくさんあるけど……最後にはいつも、綺麗にまるーくおさまるんだよね。
この後もいろんなことが待ってそうじゃん？帰り道もたぶんハードだろうし。でも、それすらなんとかなりそうっていうか……むしろ、楽しみにしてる☆
これだから刺激的で、止められなくて、ずっと大好きなんだよね。アイドルのお仕事も、プロデューサーのアイドルでいることも♪","あー……もう色々と吹っ切れてきたわ。今はこんなでも、登りきったらすっごく可愛いはぁとスマイル、見せてやっから！しっかりカメラ構えとけよ！違う、今じゃない☆
ぷっっっはぁ！冷えた麦茶うめー！文字通り山あり谷ありで、途中なんかスウィーティーキングダムの幻覚見えてきたけど、なんとか辿り着いたぞオラ☆
証明されちゃったなー。やっぱはぁとはキュートでセクシーで、パッションもあるアイドルだって！あれだけ必死の形相見せちゃったワケだし？もう怖いものなんてない☆
んー、たとえばね？ここの人たちって、みんなしゅがみんのことを知らないっぽいんだよね。だから、テレビのロケなんかって追い返される可能性もあったワケだけど……。
もう怯むようなはぁとたちじゃない☆腹くくってるもん。素敵なところをバッチリカメラで撮らしてもらうし、せっかくだから、み〜んなをしゅがみんのファンにして帰る♪
できるよ。絶対できる☆しゅがみんふたりならなんとかなる、そこにプロデューサーがいれば、はぁとたちはなんだってできる！誰もが夢中になる温泉ロケだってできちゃうの☆
崖を乗り越えた先にあったのは、まさにご褒美の絶景と露天風呂♪はぁとのセクシーでスウィーティーな入浴姿と一緒に、目の保養にしとけ。うっふん☆",SR+,70,パッション,39,37,4582,2396,4794,2506,4599,2406,パッション・クロス・キュート,パッションとキュートのアイドル編成時、全員の全アピール値20%アップ、全員のライフ15%アップ,スウィーティーなアメとムチ,PERFECTサポート,18秒毎、中確率でかなりの間、GREAT/NICEをPERFECTにする,第1回　アイドルプロデュース（イベント）,[ド根性⭐︎レポーター]佐藤心,,,,,,,,,,,,,,,,,,
[真夏の⭐︎はぁとミーツハート]佐藤心,2024.08.05,待ってたぞ、プロデューサー…☆そのポーカーフェイス、はぁとたちがぶっ壊してあ・げ・る♪そのために、とっておきの作戦も立ててきたし。だから、ほら…ちゃんとこっち見ろ？,水着姿を見たら、褒めるもんだぞ？勇気出して着てるんだから♪,使える武器は使ってこ☆これ、人生の先輩からふたりにアドバイスな？,圧がある？かけてるんだし、当然！…「キレイだよ」って、言って？,せっかくの夏だし。のぼせ上がって、パッション全開でもいいでしょ♪,照れるプロデューサーが見たいよ。いつもはぁとたちだけなのは…ずるい,満足するまで、見つめ合ってみる？飽きることなんて、絶対ないけど♪,いつものおふざけか、本気の誘惑かは…見る人の反応にかかってる！,はぁとたちとリゾートを楽しみたいなら、ほら、飛び込んでこい…☆,３人の瞳に吸い込まれて…プールにどぼん！…冗談だから、ビビんな☆,目のやり場に困ってもいいけど…見つめてくれたら、もっと嬉しい。ね？,プロデューサーはどこに来る？はぁとの方に来たら…抱きしめてあげる♪,ほれほれ♪プロデューサーも、はぁとたちの視線、釘づけにしてみ？,はぁとのこと、アツ～い瞳で見つめてて…☆,誘惑してあ・げ・る☆,トロけちゃえ♪,悩殺アピール☆,ドキドキしてくれた？はぁとは…モチ☆,気づいたよ、はぁと達目と目で通じ合ってた,はぁとも、美嘉ちゃんも、拓海ちゃんもびちびちギャル☆そうだろ？な？,ルームもラグジュアリーにするか。入ってくるたび「眩しっ」ってなる☆,はぁとってば焦らし上手☆でも、プロデューサーも似たとこあるよなー,視線は正直♪はぁとがプロデューサーを見てるのも…バレてる？ちらっ☆,夫婦漫才だけじゃなくて、駆け引きもしてみたかったからさ。満足☆,はぁとプレゼンツ、プロデューサーのいろんな顔を見る会、開催ちゅう♪,水鉄砲？持ってナイナイ！もしかして…期待した？はぁとの狙い撃ち☆,夏の女の子はキラキラしてんの。はぁとは〜…ギラギラ言うな☆,見てほしい自分、いつでもアピっていくから。全部のはぁとを好きになれ☆,プールって便利だよな。火照った頬は、すぐに冷ますことができるし？,プロデューサーの、その視線…わかってる☆はぁとを構いたい、だろ？,プロデューサー！またプールであーそーぼー♪なんつって☆,どぎまぎしてるプロデューサーを見たら、言うって決めてた言葉があるんだよね。聞きたい？じゃ、今言っちゃうか。「ふふっ、かーわいい……♪」,"はぁとたちの水着姿、最強だろ？当然といえば当然だけどな。可愛い女の子が、夏の勝負服を着てるワケだし、みんな、プロデューサーが選んだ、キラキラ輝く女の子だし☆
そうそう、はぁともそうなんで。そうだよな？輝くきゃわゆいオ・ン・ナ・ノ・コ♪ま、臨機応変に大人の魅力も武器にしていくけど。
だから、視線はそのままで。ずっとずっと、はぁとたちをメロメロな瞳で見てろよな！絶対、もっと魅力的になるから♪","誘惑、大成功ってことでオッケーだよな♪だってプロデューサー、はぁとたちから全然目を離さないもん。……何しでかすかわからないから見てる？オイ☆
あー、楽しかったー♪３人でハイタッチして、無事しゅーりょー！プロデューサー誘惑ゲーム、クセになっちまった。定期的にやっていきたーい☆
だって、好きなんだよね。視線を向けられることも、構ってもらうことも。アイドルやってる子ってだいたいそうじゃない？だからステージに立ててるの。
んで、仕事中の頑張ってる自分を見てもらって、好きになってもらって、そしたらもっと自分を好きになって、またお仕事を頑張りたくなる。いい循環だろ？
どんな形であれ、愛情をもって見てもらえるのが、はぁと的にはベスト！だから、好きなんだよな。プロデューサーとの、どんな些細なやりとりも、さ。
もち、今日の誘惑ゲームも愛情感じた☆プロデューサーってば、はぁとのこと、放っておけないんだなって♪次のお仕事についても考えるきっかけになったなー。
表情とか、ポーズとか、もうちょい色々考えてみる☆それで、新しいはぁとを見たファンが、熱くなって、夢中になって、目を離せなくなれば、もう最高！
今年の夏、はぁとはプールのマーメイド☆視線で、言葉で、王子様を誘うから。夏を一緒に過ごす人は、アナタがいい……♪",SSR,80,パッション,42,40,3864,1766,5951,2715,3198,1467,パッションプリンセス,パッションアイドルのみ編成時、全員の全アピール値50%アップ,魅惑のぼんっきゅっぼんっ♪,オルタネイト,6秒毎、中確率でわずかな間、COMBOボーナス20%ダウン、LIVE中に発動した最も高いスコアアップ効果を極大アップして適用,[真夏の⭐︎はぁとミーツハート]佐藤心+,,,,,,,,,,,,,,,,,,,
[真夏の⭐︎はぁとミーツハート]佐藤心+,2024.08.05,マーメイドはぁとは、ちょっぴりわがまま♪きゅるるんって、「視線をちょうだい」のおねだりするの。アナタと生きるために人間になったんだもん。ちゃんと見つめてほしいじゃん♪,おしゃれなプールだよね。大事にされてる箱入りマーメイドの気分♪,バカンスの予定だったけど…変更して、アバンチュールにしちゃおっか,日が暮れた後も、ずっと焦がされていたいの。熱い視線にじりじりと…☆,あま〜いはぁとも、今回はスパイス多めで、刺激的。クセになるっしょ？,溶かすよ。見る人の…プロデューサーの瞳を、とろーんって…♪,見つめ合って、見透かし合おうよ。お互いの心の、奥の奥まで…な？,引き締めるところはちゃんと引き締めてるの。お仕事も、悩殺ボディも！,夏の風に揺れる、はぁとのポニテ…さらりん☆あっ、ちょ、風強…！,水に入ったら、するんってかわしちゃうかもね。つかまえるなら今だぞ？,夜もふたり、プールを楽しんでいいよね。大人には、門限ないもん…♪,プロデューサーが隣に座るには…ふたり、ぎゅってくっつく？いやん♪,わがまま人魚姫だもん。呼んだらすぐに来て、プロデューサー…♪,はぁとのこと、アツ～い瞳で見つめてて…☆,誘惑してあ・げ・る☆,トロけちゃえ♪,悩殺アピール☆,ドキドキしてくれた？はぁとは…モチ☆,気づいたよ、はぁと達目と目で通じ合ってた,はぁとがいれば、どこでもリゾート？ううん…パ・ラ・ダ・イ・ス☆,はぁとがいるんだから、忘れられない、特別な夏にしたいじゃん？毎年ね,オーシャンビューもいいけど、はぁとビューもいいだろ？よーく見とけ☆,おしゃれ、セクスィー、刺激的…全部合わせて？Ｓｏスウィーティー☆,夢は追いかけるものだけど…はぁと自身は追われたーい☆いい女としてな,プロデューサーにわがまま言うね？甘やかしてほしいし、刺激もほしい♪,ぴちぴちぴち…はぁとの柔肌を表現♪打ち上げられたわけじゃないぞ☆,いつまでも、貝殻ビキニを着こなせる！だってしゅがーはぁとだもん☆,はぁとふる別荘に、はぁとふるリゾート。ふたりの愛の巣が増えちった♪,スキだらけなのはそう見せてるから。夏の女に「あざとい」は誉め言葉♪,見るだけじゃ物足りない？わかる☆ってことではぁとも、あたーっく♪,ひと夏の思い出で終わらせないでさ、ずっと、はぁとにときめいてろ♪,オーシャンビューのプールで、優雅に暮らすマーメイドがいてもいいよな。崖っぷちだったけど、プロデューサーに拾われて、今や大人も少女も武器にしたアイドルがいるわけだし♪,"はぁとがほんとに人魚姫だったとしても、やっぱり脚は欲しいよな。必要だし、大事でしょ？プロデューサーとアイドル街道を突っ走るのに、さ。
でも、魔女との契約はいらない。自力でなんとかするし☆ナイフもいらない。ファンの心に突き刺す可愛さは、ふたりで作るし。……この物語、絶対ハッピーエンドじゃね？
ってコトで、はぁととプロデューサーは、ずっとずっと、未来永劫エターナル、一緒に楽しくお仕事していきます♪めでたしめでたしの、ベストなハッピーエンド☆","誘惑、大成功ってことでオッケーだよな♪だってプロデューサー、はぁとたちから全然目を離さないもん。……何しでかすかわからないから見てる？オイ☆
あー、楽しかったー♪３人でハイタッチして、無事しゅーりょー！プロデューサー誘惑ゲーム、クセになっちまった。定期的にやっていきたーい☆
だって、好きなんだよね。視線を向けられることも、構ってもらうことも。アイドルやってる子ってだいたいそうじゃない？だからステージに立ててるの。
んで、仕事中の頑張ってる自分を見てもらって、好きになってもらって、そしたらもっと自分を好きになって、またお仕事を頑張りたくなる。いい循環だろ？
どんな形であれ、愛情をもって見てもらえるのが、はぁと的にはベスト！だから、好きなんだよな。プロデューサーとの、どんな些細なやりとりも、さ。
もち、今日の誘惑ゲームも愛情感じた☆プロデューサーってば、はぁとのこと、放っておけないんだなって♪次のお仕事についても考えるきっかけになったなー。
表情とか、ポーズとか、もうちょい色々考えてみる☆それで、新しいはぁとを見たファンが、熱くなって、夢中になって、目を離せなくなれば、もう最高！
今年の夏、はぁとはプールのマーメイド☆視線で、言葉で、王子様を誘うから。夏を一緒に過ごす人は、アナタがいい……♪",SSR+,90,パッション,44,42,4659,2319,7176,3571,3856,1920,パッションプリンセス,パッションアイドルのみ編成時、全員の全アピール値50%アップ,魅惑のぼんっきゅっぼんっ♪,オルタネイト,6秒毎、中確率でわずかな間、COMBOボーナス20%ダウン、LIVE中に発動した最も高いスコアアップ効果を極大アップして適用,[真夏の⭐︎はぁとミーツハート]佐藤心,,,,,,,,,,,,,,,,,,,
[この世でただひとりのはぁと]佐藤心,2025.05.20,あは…そんな真っすぐ見られると、照れちゃう…かも。やっぱウエディングドレスって特別だし、ドキドキするね。ねえ、プロデューサー…はぁとのベールを上げる意味、わかってんの？,はぁとの花嫁姿はキレイ？可愛い？答えはもちろん…スウィーティー♪,はぁとだって照れることくらい、あるし…。不意打ちはズルいって話,パートナーには花嫁姿、褒めてほしいでしょ。それがスウィーティー心☆,ずーっと一緒に歩んでいくってことだかんな。目そらしちゃ…ダ・メ♪,プロデューサーも、はぁとのこと、もっと意識してもいいんだぞ,ま、ベールがあっても…プロデューサーとはぁとは、ゼロ距離だけどな♪,正統派なドレスも、たまにはいいよね。はぁとの魅力にメロメロだろ…☆,褒めすぎもらめぇ☆いや、ホントに…なんか顔アツくなってきたし,…おい、ベール下ろすな☆もう…はぁとの可愛い顔、今なら見放題だぞ,無意識でそういうことやるんだもんな。…はぁと以外には禁止な,プロデューサー、このまま、永遠の愛誓っちゃう？誓えよ…♪,行こっか、プロデューサー。はぁとたちは、どこまでも一緒だろ☆,やるきOK！戦闘服OK！じゃ、始めよっか☆,も～っと見つめていいぞ♪,はぁとの可愛さバクハツ中☆,はぁとにメロってけ☆,愛があふれる世界…最高にスウィーティー☆,とびきり可愛くてスウィーティー☆それがしゅがーはぁとでしょ♪,もう花嫁のプロよ？数々の結婚式を盛り上げてきたからな…ってオイ☆,はぁとと結婚したら、スウィーティーな人生をお約束☆嬉しいだろ？,可愛いはぁとに見とれちゃった？いいよ、どんどんはぁとにメロってけ☆,結婚しても、はぁとははぁとを一生貫き通す！一人称も、生き方もな♪,プロデューサーも覚悟決まってんだろ？はぁとをスカウトしたときからさ,どんな形でもいいよ。プロデューサーは、傍にいてくれるでしょ,そりゃあ…可愛いって言われたら嬉しいよ。はぁとも乙女だかんな,はぁと、全人類から求婚されちゃうかもしれないな〜球根じゃねーよ☆,清楚で可憐なしゅがーはぁとも、いいでしょ。ギャップで萌えてけ♪,はぁとは永遠にアイドルだから…はぁとたちの絆も永遠ってコトじゃん☆,プロデューサー以上のパートナーって現れない気がするわ…いや、マジで,はぁとの隣はプロデューサーだけ。出会ったときから決まってんの♪,ふふ……まじまじ見られるとくすぐったいわ。でも、目はそらしちゃらーめ。はぁとの可愛い花嫁姿を間近で拝めるのは……プロデューサーの特権なんだからな☆,"ベールアップにはね、ふたりの間の壁を取り払って、ともに新しい人生を歩んでいく……って意味があるんだって。ま、はぁとたちにとっては今さらかもしれないけどね。
はぁとたちはさ、もうずっと長いこと一緒の道を歩いてきたよね。プロデューサーがはぁとを欲しい！って言ったときから、はぁとたちは、病めるときも健やかなときもずーっと一緒♪
そんな初めての気持ちを思い出して、嬉しかったんだ。プロデューサーも同じ気持ちなら、今度は言葉で聞かせて？ふたりの絆は、永遠に続いていくんだってこと……♪","ベールを上げたなら……プロデューサー、はぁとに誓ってくれる？たくさんのスウィーティーな思い出を作りながら、これからもずっとずーっと、はぁとと一緒にいるって……ね♪
う〜ん、今日も最っ高にスウィーティーだった〜っ！たまには王道に可愛いはぁともよかったっしょ？ドキドキした？したって言え☆……あれ、今日は意外と素直じゃん。
ならはぁとも素直に言うけど、今日のアレ、わりとガチだかんな。プロデューサーは、はぁとの大事なパートナーだし……これからもそれは変わらないと思ってるから。絶対。
誰かに何か言われても、好きなものを否定されても、はぁとがここまでやってこれたのはさ、プロデューサーがはぁとを一番理解して、支えてくれたからだよ。
ま、はぁとならひとりでも踏ん張れたかもなんだけど、なんかそういうのも、今はあんまり想像できないんだよね。プロデューサーなしの人生なんて、味気ないだろうしさ☆
……出会ってくれてありがとね、プロデューサー。プロデューサーがその日はぁとを見つけて、認めてくれたから、はぁとははぁとになれたんだ。
この先もとびきり輝いて、スウィーティーな人生を歩んでいくからプロデューサーもはぁとを一番に推してけよな？はぁとが可愛いおばあちゃんになるまで、ずーっと一緒だぞ、プロデューサー☆
合言葉は、はぁとらしく、ワガママに、スウィーティーに♪好きなものを身にまとって、自由に生きてるはぁとって、最高に輝いてて、最高に可愛いだろっ☆",SSR,80,パッション,42,40,6543,2981,66,22,6388,2938,ドミナント・デュエット（メイク＆ボイス）,キュート楽曲でパッションアイドルにタイプボーナスが発生しビジュアルアピール値150%アップ、キュートアイドルのボーカルアピール値160%アップ,生涯スウィーティー宣言,ドミナント・ハーモニー,キュート楽曲でパッションとキュートのアイドルのみ編成時、9秒毎、中確率でしばらくの間、パッションアイドルのスコアアップ効果と、キュートアイドルのCOMBOボーナス効果をそれぞれの人数に応じてアップ,[この世でただひとりのはぁと]佐藤心+,,,,,,,,,,,,,,,,,,,
[この世でただひとりのはぁと]佐藤心+,2025.05.20,お仕着せのドレスなんてノンスウィーティー♪着たい服、行きたい場所、一緒にいたい人。これからもはぁとが、ぜんぶ自分で選んで生きてくの。はぁとが、はぁとらしく輝くためにね☆,はぁとはね、はぁとのことが、だぁい好き♪そんなの当たり前じゃん☆,もう誰になんて言われても関係ないし！はぁとの人生ははぁとのモノ♪,酸いも甘いも知ってるオトナだから、とびっきりあまぁまを選ぶのさ☆,ワガママに、貪欲に！それがスウィーティーなはぁと道だっつーの☆,はぁとは、はぁととみんなのために可愛くありつづけるの。永遠にな♪,もっともっとスウィーティーになろ！プロデューサーも一緒に♪,おっ、はぁとが愛らしすぎてメ・ロ・メ・ロ？オイ、無視すんなー？,可愛いに囲まれたはぁとは何になるでしょーか。最強に決まってんだろ♪,やぁん、あふれちゃう♪はぁとの大好きなものが、いっぱいいっぱいな☆,はぁとに似合いのドレスだろ☆心のこもったオーダーはぁとメイドだし！,はぁとの美学を理解してくれて…ありがとね、プロデューサー♪,プロデューサーがいないと始まらないっしょ、はぁとの世界は！,やるきOK！戦闘服OK！じゃ、始めよっか☆,も～っと見つめていいぞ♪,はぁとの可愛さバクハツ中☆,はぁとにメロってけ☆,愛があふれる世界…最高にスウィーティー☆,とびきり可愛くてスウィーティー☆それがしゅがーはぁとでしょ♪,可愛いもの身につけてると、強くなれる気するじゃん？戦闘服なんだわ☆,好きなものに囲まれてる空間って幸せだよね。この事務所みたいな☆,勇気と愛をあ・げ・る♪はぁとのスウィーティーな生きざまでな☆,忘れられるのはノンノン☆可愛さなんて、イタいくらいがちょうどいい♪,プロデューサーにだけ見せてあげるよ。はぁとの一番可愛いと・こ・ろ☆,はぁとがときめくもの、プロデューサーも好きっしょ？同志だし☆,はぁとは年月を経て、よりパワーアップしていくタイプ！見逃すなよ☆,デカリボンがオキニポイント☆ラッピングされて、みんなのもとへＧＯ♪,やっぱりさ、自分を輝かせて幸せにする魔法は、大切にしなきゃね♪,一生はぁとのこと、推してけ☆はぁとは絶対、愛を裏切らないからな♪,はぁとがはぁとらしくいられるのはプロデューサーのおかげ。ありがと☆,これからも突っ走っていくぞ☆離さないからな、プロデューサー♪,イタいって言われても、自分がワクワクするなら、それが大正解☆一番ときめくものを選んで、好きなものに囲まれながら最高に幸せって笑っちゃおっ♪もちろん、みんなでな！,"みんな、可愛くてキラキラしてるはぁとのことが大好きだな〜？はぁともはぁとのことが大好きだし、みんなのことも大好きだぞ☆だからこれからも、ワガママに正直に、しゅがは道を突っ走る！
だってはぁと、気づいちゃったんだよね。はぁとがはぁとらしく生きてることで、笑顔になれる誰かがいる。はぁともみんなもスウィーティーになれてウィンウィンってワケ☆
永遠にはぁとは、可愛くてスウィーティーでありつづけるよ。世界がひっくり返っても変わらないから、みんなも見習って、好きなように生きて自分を愛してけ♪はぁととの、約束だぞ☆","ベールを上げたなら……プロデューサー、はぁとに誓ってくれる？たくさんのスウィーティーな思い出を作りながら、これからもずっとずーっと、はぁとと一緒にいるって……ね♪
う〜ん、今日も最っ高にスウィーティーだった〜っ！たまには王道に可愛いはぁともよかったっしょ？ドキドキした？したって言え☆……あれ、今日は意外と素直じゃん。
ならはぁとも素直に言うけど、今日のアレ、わりとガチだかんな。プロデューサーは、はぁとの大事なパートナーだし……これからもそれは変わらないと思ってるから。絶対。
誰かに何か言われても、好きなものを否定されても、はぁとがここまでやってこれたのはさ、プロデューサーがはぁとを一番理解して、支えてくれたからだよ。
ま、はぁとならひとりでも踏ん張れたかもなんだけど、なんかそういうのも、今はあんまり想像できないんだよね。プロデューサーなしの人生なんて、味気ないだろうしさ☆
……出会ってくれてありがとね、プロデューサー。プロデューサーがその日はぁとを見つけて、認めてくれたから、はぁとははぁとになれたんだ。
この先もとびきり輝いて、スウィーティーな人生を歩んでいくからプロデューサーもはぁとを一番に推してけよな？はぁとが可愛いおばあちゃんになるまで、ずーっと一緒だぞ、プロデューサー☆
合言葉は、はぁとらしく、ワガママに、スウィーティーに♪好きなものを身にまとって、自由に生きてるはぁとって、最高に輝いてて、最高に可愛いだろっ☆",SSR+,90,パッション,44,42,7890,3926,82,40,7700,3834,ドミナント・デュエット（メイク＆ボイス）,キュート楽曲でパッションアイドルにタイプボーナスが発生しビジュアルアピール値150%アップ、キュートアイドルのボーカルアピール値160%アップ,生涯スウィーティー宣言,ドミナント・ハーモニー,キュート楽曲でパッションとキュートのアイドルのみ編成時、9秒毎、中確率でしばらくの間、パッションアイドルのスコアアップ効果と、キュートアイドルのCOMBOボーナス効果をそれぞれの人数に応じてアップ,[この世でただひとりのはぁと]佐藤心,,,,,,,,,,,,,,,,,,,
