カード名,分類,フル画像,背景透過画像,ぷちでれら
佐藤心,モバマス,,,
佐藤心+,モバマス,,,
[T.B.ｽｳｨｰﾃｨｰ]佐藤心,モバマス,,,
[T.B.ｽｳｨｰﾃｨｰ]佐藤心+,モバマス,,,
[ﾈｸｽﾄｽﾀｰI.C]佐藤心+,モバマス,,,
[ﾊｰﾄ･ﾓﾃﾞﾙ]佐藤心,モバマス,,,
[ﾊｰﾄ･ﾓﾃﾞﾙ]佐藤心+,モバマス,,,
[ﾊｰﾄ･ﾓﾃﾞﾙ･S]佐藤心,モバマス,,,
[ﾊｰﾄ･ﾓﾃﾞﾙ･S]佐藤心+,モバマス,,,
[えんじぇるはぁと]佐藤心,モバマス,,,
[えんじぇるはぁと]佐藤心+,モバマス,,,
[はぁとの嫁入り]佐藤心,モバマス,,,
[はぁとの嫁入り]佐藤心+,モバマス,,,
[ｽｳｨｰﾃｨｰ･ﾛﾜｲﾔﾙ]佐藤心,モバマス,,,
[ｽｳｨｰﾃｨｰ･ﾛﾜｲﾔﾙ]佐藤心+,モバマス,,,
[ﾜｰｷﾝｸﾞ･ｽｳｨｰﾃｨｰ]佐藤心,モバマス,,,
[ﾜｰｷﾝｸﾞ･ｽｳｨｰﾃｨｰ]佐藤心+,モバマス,,,
[常夏ﾊﾟﾗﾀﾞｲｽ]佐藤心,モバマス,,,
[常夏ﾊﾟﾗﾀﾞｲｽ]佐藤心+,モバマス,,,
[ﾁｸｯとｽｳｨｰﾃｨｰ]佐藤心,モバマス,,,
[ﾁｸｯとｽｳｨｰﾃｨｰ]佐藤心+,モバマス,,,
[6thｱﾆﾊﾞｰｻﾘｰ]佐藤心,モバマス,,,
[6thｱﾆﾊﾞｰｻﾘｰ]佐藤心+,モバマス,,,
[6thｱﾆﾊﾞｰｻﾘｰ･S]佐藤心,モバマス,,,
[6thｱﾆﾊﾞｰｻﾘｰ･S]佐藤心+,モバマス,,,
[ふぉーりんはぁと]佐藤心,モバマス,,,
[ふぉーりんはぁと]佐藤心+,モバマス,,,
[新春はぁとふる]佐藤心,モバマス,,,
[新春はぁとふる]佐藤心+,モバマス,,,
[夏色はぁと]佐藤心,モバマス,,,
[夏色はぁと]佐藤心+,モバマス,,,
[ｽｳｨｰﾃｨｰ･ﾆｭｰｲﾔｰ]佐藤心,モバマス,,,
[ｽｳｨｰﾃｨｰ･ﾆｭｰｲﾔｰ]佐藤心+,モバマス,,,
[ﾒﾘｸﾘ☆ﾊｰﾄ]佐藤心,モバマス,,,
[ﾒﾘｸﾘ☆ﾊｰﾄ]佐藤心+,モバマス,,,
[ﾌﾞﾘﾘｱﾝﾄ･はぁと]佐藤心,モバマス,,,
[ﾌﾞﾘﾘｱﾝﾄ･はぁと]佐藤心+,モバマス,,,
[ｽﾀｲﾘｯｼｭ･はぁと]佐藤心,モバマス,,,
[ｽﾀｲﾘｯｼｭ･はぁと]佐藤心+,モバマス,,,
佐藤心,デレステ,,,
佐藤心+,デレステ,,,
[ハート・モデル]佐藤心,デレステ,,,
[ハート・モデル]佐藤心+,デレステ,,,
[はぁと・トゥ・ハート]佐藤心,デレステ,,,
[はぁと・トゥ・ハート]佐藤心+,デレステ,,,
[はぁとの嫁入り]佐藤心,デレステ,,,
[はぁとの嫁入り]佐藤心+,デレステ,,,
[ブリリアント・はぁと]佐藤心,デレステ,,,
[ブリリアント・はぁと]佐藤心+,デレステ,,,
[Happy・New・Yeah!]佐藤心,デレステ,,,
[Happy・New・Yeah!]佐藤心+,デレステ,,,
[凸凹スピードスター]佐藤心,デレステ,,,
[凸凹スピードスター]佐藤心+,デレステ,,,
[オーダーメイド・はぁと]佐藤心,デレステ,,,
[オーダーメイド・はぁと]佐藤心+,デレステ,,,
[ラグジュアリィ・はぁと]佐藤心,デレステ,,,
[ラグジュアリィ・はぁと]佐藤心,デレステ,,,
[Go Just Go!]佐藤心,デレステ,,,
[Go Just Go!]佐藤心+,デレステ,,,
[躍るFlagship]佐藤心,デレステ,,,
[躍るFlagship]佐藤心+,デレステ,,,
[はぁとふる☆sweeteen]佐藤心,デレステ,,,
[はぁとふる☆sweeteen]佐藤心+,デレステ,,,
[CoCo夏夏夏Holiday]佐藤心,デレステ,,,
[CoCo夏夏夏Holiday]佐藤心+,デレステ,,,
[恋するスウィーティーサマー]佐藤心,デレステ,,,
[恋するスウィーティーサマー]佐藤心+,デレステ,,,
[ダンシング・デッド]佐藤心,デレステ,,,
[ダンシング・デッド]佐藤心+,デレステ,,,
[愛されクイーン・はぁと]佐藤心,デレステ,,,
[愛されクイーン・はぁと]佐藤心+,デレステ,,,
[ド根性☆レポーター]佐藤心,デレステ,,,
[ド根性☆レポーター]佐藤心+,デレステ,,,
[真夏の☆はぁとミーツハート]佐藤心,デレステ,,,
[真夏の☆はぁとミーツハート]佐藤心+,デレステ,,,
[この世でただひとりのはぁと]佐藤心,デレステ,,,
[この世でただひとりのはぁと]佐藤心+,デレステ,,,
通常サイン,その他,,,
プレミアムサイン,その他,,,
