アナスタシア	anastasia
キャシー・グラハム	cathygraham
ナターリア	natalia
ヘレン	helen
メアリー・コクラン	marycochran
ライラ	layla
一ノ瀬志希	ichinoseshiki
三村かな子	mimurakanako
三船美優	mifunemiyu
上条春菜	kamijoharuna
上田鈴帆	uedasuzuho
並木芽衣子	namikimeiko
丹羽仁美	niwahitomi
久川凪	hisakawanagi
久川颯	hisakawahayate
乙倉悠貴	otokurayuuki
二宮飛鳥	ninomiyaasuka
五十嵐響子	igarashikyoko
伊集院惠	ijuinmegumi
佐々木千枝	sasakichie
佐久間まゆ	sakumamayu
佐城雪美	sajoyukimi
佐藤心	satoshin
依田佳乃	yoritayoshino
依田芳乃	yoritayoshino
兵藤レナ	hyodorena
前川みく	maekawamiku
北条加蓮	hojokaren
十時愛梨	totokiairi
南条光	nanjohikaru
原田美世	haradamiyo
及川雫	oikawashizuku
双葉杏	futabaanzu
古賀小春	kogakoharu
向井拓海	mukaitakumi
和久井留美	wakuirumi
喜多日菜子	kitahinako
城ケ崎美嘉	jougasakimika
城ヶ崎美嘉	jougasakimika
城ヶ崎莉嘉	jougasakirika
堀裕子	horiyuko
多田李衣菜	tadariina
夢見りあうむ	yumemiriamu
夢見りあむ	yumemiriamu
大原みちる	oharamichiru
大和亜季	yamatoaki
大槻唯	ohtsukiyui
大西由里子	ohnishiyuriko
太田優	ohtayuu
安部菜々	abenana
宮本フレデリカ	miyamotofrederica
小室千奈美	komurochinami
小日向美穂	kohinatamiho
小早川紗枝	kobayakawasae
小松伊吹	komatsuibuki
島村卯月	shimamurauzuki
川島瑞樹	kawashimamizuki
工藤忍	kudoshinobu
市原仁奈	ichiharanina
愛野渚	ainonagisa
成宮由愛	narumiyayume
持田亜里沙	mochidaarisa
斉藤洋子	saitoyoko
日下部若葉	kusakabewakaba
日野茜	hinoakane
早坂美玲	hayasakamirei
早坂美鈴	hayasakamirei
服部瞳子	hattoritoko
木村夏樹	kimuranatsuki
本田未央	hondamio
杉坂海	sugisakaumi
村上巴	murakamitomoe
村松さくら	muramatsusakura
松尾千鶴	matsuochizuru
松山久美子	matsuyamakumiko
松本沙理奈	matsumotosarina
松永涼	matsunagaryo
柊志乃	hiiragishino
柳清良	yanagikiyora
栗原ネネ	kuriharanene
桃井あずき	momoiazuki
桐生つかさ	kiryutsukasa
桐野アヤ	kirinoaya
棟方愛海	munakataatsumi
森久保乃々	morikubonono
椎名法子	shiinanoriko
横山千佳	yokoyamachika
橘ありす	tachibanaarisu
櫻井桃華	sakuraimomoka
氏家むつみ	ujiiemutsumi
水木聖來	mizukiseira
水本ゆかり	mizumotoyukari
水野翠	mizunomidori
江上椿	egamitsubaki
池袋晶葉	ikebukuroakiha
沢田麻理菜	sawadamarina
浅利七海	asarinanami
浜口あやめ	hamaguchiayame
渋谷凛	shibuyarin
瀬名詩織	senashiori
片桐早苗	katagirisanae
白坂小梅	shirasakakoume
白菊ほたる	shiragikuhotaru
的場梨沙	matobarisa
的場理沙	matobarisa
相原雪乃	aiharayukino
相葉夕美	aibayumi
相馬夏美	somanatsumi
真鍋いつき	manabeitsuki
矢口美羽	yaguchimiu
砂塚あきら	sunazukaakira
神崎蘭子	kanzakiranko
神谷奈緒	kamiyanao
篠原礼	shinohararei
結城晴	yuukiharu
綾瀬穂乃香	ayasehonoka
脇山珠美	wakiyamatamami
若林智香	wakabayashitomoka
荒木比奈	arakihina
藤原肇	fujiwarahajime
藤本里奈	fujimotorina
西川保奈美	nishikawahonami
諸星きらり	moroboshikirari
財前時子	zaizentokiko
赤西瑛梨華	akanishierika
輿水幸子	koshimizusachiko
速水奏	hayamikanade
野々村そら	nonomurasora
長富蓮実	nagatomihasumi
間中美里	manakamisato
関裕美	sekihiromi
難波笑美	nambaemi
首藤葵	shutoaoi
高垣楓	takagakikaede
高森藍子	takamoriaiko
高橋礼子	takahashireiko
髙橋礼子	takahashireiko
鷹富士茄子	takafujikako
鷺沢文香	sagisawafumika
黒埼ちとせ	kurosakichitose
黒川千秋	kurokawachiaki
